"Name","Sweep","End Time","Runtime","State","cutoff_distance","dropout","hidden_channels","learning_rate","weight_decay","Test Accuracy","Test F1","Test Loss","Test Sensitivity","Test Specificity","Train Accuracy","Train F1","Train Loss","Train Sensitivity","Train Specificity"
"decent-sweep-6","awtki903","2025-02-04T14:47:28.000Z","54","running","8.314042222502446","0.4","320","0.00005738324551099726","0.00021777005417091664","0.7353333333333333","0.7391590013140604","0.5708394646644592","0.7338551859099804","0.7368779822767553","0.7645714285714286","0.7690582959641256","0.5514990623508181","0.744640434192673","0.7867269984917044"
"pretty-sweep-5","awtki903","2025-02-04T14:46:24.000Z","3529","finished","7.787302558542693","0.5","256","0.0000021351439560814413","0.0006724648538594812","0.777","0.7789890981169475","0.48656060298283893","0.7690802348336595","0.7852760736196319","0.8432857142857143","0.8455147162371497","0.36685878677027567","0.8146540027137043","0.8751131221719457"
"smooth-sweep-4","awtki903","2025-02-04T13:47:30.000Z","179","finished","11.701680581050663","0.4","320","0.0002708160565930339","0.00003139849843916748","0.7503333333333333","0.7947382844614963","0.6819837987422943","0.9458577951728636","0.5460122699386503","0.7621428571428571","0.8133198789101918","0.5181864170091492","0.9842605156037992","0.5152337858220211"
"devoted-sweep-3","awtki903","2025-02-04T13:44:25.000Z","133","finished","7.82673607708502","0.5","384","0.00012648511719338314","0.000032242540066712584","0.7726666666666666","0.7459016393442623","0.5881114850441614","0.6529680365296804","0.8977505112474438","0.8284285714285714","0.8071302392805524","0.3762251175940037","0.6819538670284939","0.9912518853695325"
"lucky-sweep-2","awtki903","2025-02-04T13:42:04.000Z","238","finished","10.036847944326592","0.4","320","0.00003829469520534615","0.000013354594360228258","0.519","0.6782608695652174","0.8147928764422735","0.9921722113502937","0.024539877300613498","0.5288571428571428","0.6901540774145059","0.6624553608042854","0.9967435549525102","0.008748114630467572"
"dainty-sweep-1","awtki903","2025-02-04T13:37:58.000Z","1067","finished","6.20438933174723","0.5","320","0.000007208924101794389","0.0000477543628325009","0.7586666666666667","0.7515442690459849","0.5216959764560064","0.7142857142857143","0.8050443081117927","0.8322857142857143","0.8344613649182178","0.39773137867450714","0.8029850746268656","0.8648567119155355"
"pious-sweep-126","f2b4l8u4","2025-02-04T02:58:35.000Z","102","finished","9.143708491995849","0.5","256","0.00043206132713556855","0.00006245516292492058","0.7773333333333333","0.7860345932094811","0.5468415394425392","0.8003913894324853","0.7532379004771643","0.8948571428571429","0.8973786949247072","0.264956498252494","0.8732700135685211","0.9188536953242835"
"peach-sweep-125","f2b4l8u4","2025-02-04T02:56:46.000Z","70","finished","5.105536155587952","0.6","256","0.0002793818522197736","0.00015146322915149168","0.6713333333333333","0.5686789151356081","0.717051088809967","0.42400521852576645","0.9297886843899114","0.7537142857142857","0.6990223463687151","0.5062593966722488","0.5432835820895522","0.98763197586727"
"dazzling-sweep-124","f2b4l8u4","2025-02-04T02:55:30.000Z","686","finished","3.7666434412949807","0.8","128","0.000033489281028672424","0.000014769642117240014","0.7103333333333334","0.6547477155343663","0.5765606760978699","0.5375081539465101","0.89093387866394","0.7817142857142857","0.7549711353431687","0.4660630790250642","0.6388059701492538","0.9405731523378582"
"devout-sweep-123","f2b4l8u4","2025-02-04T02:43:58.000Z","529","finished","4.359306754289978","0.4","320","0.00001701504511261224","0.0009432125752847092","0.7363333333333333","0.7013967534918837","0.5524624163905779","0.6060013046314416","0.8725289706884799","0.8104285714285714","0.7965659972405335","0.4372257132615362","0.7050203527815468","0.9276018099547512"
"lively-sweep-122","f2b4l8u4","2025-02-04T02:35:01.000Z","228","finished","5.999394250926547","0.6","256","0.000050446683249973334","0.0005077364572486673","0.781","0.7853642600457367","0.5261569495002428","0.7840834964122635","0.7777777777777778","0.8657142857142858","0.8702732542092189","0.3364727199077606","0.8556309362279512","0.8769230769230769"
"dark-sweep-121","f2b4l8u4","2025-02-04T02:31:05.000Z","146","finished","9.423253319962487","0.6","256","0.00017749187485196873","0.00006059479325099176","0.6656666666666666","0.5212410501193318","1.2921111981074016","0.3561643835616438","0.989093387866394","0.6454285714285715","0.4928483857785043","1.248652070760727","0.32727272727272727","0.9990950226244344"
"noble-sweep-120","f2b4l8u4","2025-02-04T02:28:33.000Z","102","finished","3.6887346362497344","0.6","256","0.0003211200670066542","0.00003468899814525485","0.5096666666666667","0.6752042393464341","1.2846721013387044","0.9973907371167645","0","0.5265714285714286","0.6898165481093224","1.1534537864582879","1","0.00030165912518853697"
"brisk-sweep-119","f2b4l8u4","2025-02-04T02:26:43.000Z","182","finished","7.571442245417691","0.4","128","0.00006840146665849835","0.00005515552252615572","0.7656666666666667","0.7652754590984975","0.520086961487929","0.7475538160469667","0.7845944103612815","0.8425714285714285","0.8448324415657561","0.3633453728897231","0.8141112618724559","0.8742081447963801"
"rural-sweep-118","f2b4l8u4","2025-02-04T02:23:32.000Z","330","finished","9.767835108367144","0.6","320","0.00002403940160274271","0.00012020755807649244","0.7823333333333333","0.7650233897085282","0.47039995590845746","0.6934116112198304","0.8752556237218814","0.8141428571428572","0.7989491577808685","0.38948890353952137","0.7014925373134329","0.9393665158371041"
"sage-sweep-117","f2b4l8u4","2025-02-04T02:17:54.000Z","111","finished","8.66553113335286","0.8","256","0.00025810915896154046","0.0002685936309822297","0.511","0.6763732627399074","5.0003611246744795","1","0","0.5264285714285715","0.6897519887693028","4.573640525341034","1","0"
"glamorous-sweep-116","f2b4l8u4","2025-02-04T02:15:54.000Z","268","finished","6.729699499834486","0.8","192","0.0000496492035587411","0.000035981832202961795","0.7596666666666667","0.7809176542084473","0.5499264250199","0.8382257012393999","0.6775732788002726","0.8228571428571428","0.8437106125535669","0.4174580233437674","0.9082767978290366","0.7279034690799396"
"deep-sweep-115","f2b4l8u4","2025-02-04T02:11:18.000Z","819","finished","8.661594667896042","0.4","320","0.000007972806682726464","0.00003824092972293843","0.7856666666666666","0.7744650999649246","0.47494016339381534","0.7201565557729941","0.8541240627130198","0.8244285714285714","0.818060695780903","0.3794792911836079","0.7497964721845319","0.9073906485671192"
"skilled-sweep-114","f2b4l8u4","2025-02-04T01:57:35.000Z","145","finished","9.924266801299517","0.6","256","0.000195559668650994","0.00016830300948968952","0.7873333333333333","0.7748764996471419","0.49179484446843463","0.7162426614481409","0.8616223585548739","0.8515714285714285","0.8425041685614674","0.33026870659419466","0.7541383989145183","0.9598793363499246"
"ruby-sweep-113","f2b4l8u4","2025-02-04T01:55:01.000Z","191","finished","5.267541355584827","0.4","256","0.00005091253407906193","0.0007795362205896897","0.738","0.7053973013493253","0.5498612796266874","0.6138290932811481","0.8677573278800272","0.8237142857142857","0.8098613251155624","0.3955079700265612","0.7131614654002714","0.9466063348416289"
"dauntless-sweep-112","f2b4l8u4","2025-02-04T01:51:41.000Z","130","finished","9.981946001411998","0.5","320","0.00014175306602664465","0.00010777090850545964","0.516","0.677762982689747","0.9328889846801758","0.9960861056751468","0.014314928425357873","0.5271428571428571","0.6899587860621956","0.7419407069683075","0.9994572591587517","0.0021116138763197585"
"fast-sweep-111","f2b4l8u4","2025-02-04T01:49:23.000Z","84","finished","4.532756308409603","0.6","256","0.00027180054526979003","0.00003976436674052464","0.511","0.6763732627399074","1.7131479879220326","1","0","0.5264285714285715","0.6897519887693028","1.5587289759090968","1","0"
"sage-sweep-110","f2b4l8u4","2025-02-04T01:47:50.000Z","192","finished","6.22379888583931","0.6","256","0.00006166432886782728","0.00001400638937433731","0.755","0.7708138447146866","0.549274280667305","0.8062622309197651","0.7014314928425358","0.8655714285714285","0.8762656147271531","0.35428816292967114","0.9042062415196743","0.8226244343891402"
"icy-sweep-109","f2b4l8u4","2025-02-04T01:44:29.000Z","166","finished","8.703969643409822","0.5","128","0.00009631512442211054","0.000044027070188667335","0.6783333333333333","0.55713630105553","0.9617863744497299","0.395955642530985","0.9734151329243353","0.6584285714285715","0.5207456404088996","0.9457324381385531","0.3525101763907734","0.9984917043740573"
"fancy-sweep-108","f2b4l8u4","2025-02-04T01:41:36.000Z","86","finished","7.115432877363835","0.4","128","0.0002331531771771779","0.00028172418658436706","0.7703333333333333","0.7753505053798501","0.5588124717275301","0.7756033920417482","0.7648261758691206","0.8697142857142857","0.8733685087475701","0.32412885980946676","0.8534599728629579","0.8877828054298642"
"soft-sweep-107","f2b4l8u4","2025-02-04T01:40:02.000Z","356","finished","5.005019525897399","0.4","256","0.00002769879832083815","0.0004367315284664484","0.7383333333333333","0.7108655616942909","0.5412581264972687","0.629484670580561","0.8520790729379687","0.8302857142857143","0.8232668848556977","0.4006244359271867","0.7508819538670285","0.918552036199095"
"stellar-sweep-106","f2b4l8u4","2025-02-04T01:34:00.000Z","132","finished","9.43986800777704","0.8","256","0.00028761475640760815","0.000028180956021725344","0.777","0.7506522549385016","0.5865122477213541","0.6568819308545336","0.9025221540558964","0.8211428571428572","0.7982597486303578","0.40626492351293564","0.6721845318860245","0.9867269984917044"
"rich-sweep-105","f2b4l8u4","2025-02-04T01:31:43.000Z","129","finished","7.609215012764656","0.8","128","0.00014790668864910934","0.0007653163568447914","0.515","0.6739861079991037","0.864482174317042","0.9810828440965427","0.02794819359236537","0.537","0.6941009910335064","0.6438138463667461","0.9978290366350068","0.02473604826546003"
"avid-sweep-104","f2b4l8u4","2025-02-04T01:29:29.000Z","128","finished","9.81958351054024","0.4","128","0.0001516157389684112","0.00016079617544701","0.511","0.6763732627399074","1.7845286627610524","1","0","0.5264285714285715","0.6897519887693028","1.5529171526432037","1","0"
"bumbling-sweep-103","f2b4l8u4","2025-02-04T01:27:12.000Z","171","finished","4.069858070576573","0.6","192","0.00011443885751043838","0.00019539715205740815","0.7376666666666667","0.7099152230003686","0.5474420910080274","0.6281800391389433","0.8520790729379687","0.8251428571428572","0.8136986301369863","0.4063044105257307","0.7253731343283583","0.9360482654600302"
"ethereal-sweep-102","f2b4l8u4","2025-02-04T01:24:15.000Z","768","finished","9.596149980754996","0.6","320","0.000008289767507987532","0.00010477474013176284","0.7863333333333333","0.7745339430179388","0.4592637022336324","0.7181996086105675","0.8575323790047716","0.8148571428571428","0.8041112454655381","0.3970217225807054","0.7218453188602443","0.9182503770739064"
"silver-sweep-101","f2b4l8u4","2025-02-04T01:11:19.000Z","100","finished","5.166791405225024","0.8","192","0.0002443633904793317","0.0001028867545150305","0.751","0.7791900679869938","0.6356300810972849","0.8597521200260926","0.6373551465576005","0.8264285714285714","0.8487489107431844","0.41613884057317463","0.925101763907734","0.7167420814479638"
"grateful-sweep-100","f2b4l8u4","2025-02-04T01:09:31.000Z","787","finished","6.6202284180668585","0.5","320","0.00000927111088664045","0.00005475275670006982","0.762","0.7602417730020148","0.5192464863260587","0.7384213959556425","0.7866394001363326","0.835","0.8378492208339183","0.39780102031571524","0.8097693351424695","0.8630467571644043"
"worthy-sweep-99","f2b4l8u4","2025-02-04T00:56:17.000Z","721","finished","9.469794382412651","0.4","256","0.000010741014012512904","0.0005320840623523726","0.7763333333333333","0.7878596269364527","0.4721999416748683","0.8127853881278538","0.7382413087934561","0.8378571428571429","0.8465179175118324","0.37375609683138983","0.8493894165535957","0.8250377073906485"
"polished-sweep-98","f2b4l8u4","2025-02-04T00:44:07.000Z","212","finished","3.73921864882292","0.8","256","0.00009444306406414038","0.0004964142023529981","0.7326666666666667","0.7079388201019665","0.5550639977057775","0.6340508806262231","0.8357191547375596","0.8251428571428572","0.821522309711286","0.41204657405614853","0.7644504748982361","0.8926093514328809"
"elated-sweep-97","f2b4l8u4","2025-02-04T00:40:31.000Z","975","finished","5.652739832099797","0.4","320","0.000008762564812153858","0.0006768954861563138","0.7746666666666666","0.7657657657657657","0.5284980610013008","0.720808871493803","0.830947511929107","0.8461428571428572","0.8457241082939407","0.38874191152197973","0.8010854816824966","0.8962292609351433"
"silver-sweep-96","f2b4l8u4","2025-02-04T00:24:09.000Z","101","finished","4.576439065464875","0.6","128","0.00030267999604832995","0.0004912722435663539","0.6936666666666667","0.6146750524109015","0.6939786225557327","0.4781474233529028","0.9188820722563054","0.7698571428571429","0.7226717163022895","0.4977506675890514","0.569606512890095","0.9924585218702866"
"sunny-sweep-95","f2b4l8u4","2025-02-04T00:22:24.000Z","155","finished","4.3339054035833","0.4","192","0.00009506962664504076","0.00007394743812271805","0.7326666666666667","0.693659281894576","0.5580432191491127","0.5923026744944553","0.8793456032719836","0.818","0.8023580515048092","0.42381857335567474","0.701763907734057","0.947209653092006"
"gentle-sweep-94","f2b4l8u4","2025-02-04T00:19:42.000Z","142","finished","9.850023937033292","0.8","192","0.00014967915643112652","0.000018502813660416265","0.6566666666666666","0.500968992248062","1.138106236855189","0.33724722765818654","0.9904567143830948","0.627","0.452505766408052","1.164243953568595","0.29280868385346","0.9984917043740573"
"exalted-sweep-93","f2b4l8u4","2025-02-04T00:17:15.000Z","108","finished","8.996919191883578","0.4","256","0.0008330236183586386","0.00004927190435349623","0.511","0.6763732627399074","28.867370128631592","1","0","0.5264285714285715","0.6897519887693028","27.52343967982701","1","0"
"cerulean-sweep-92","f2b4l8u4","2025-02-04T00:15:20.000Z","167","finished","6.276631019237007","0.5","128","0.00008052881922418095","0.00036793179591867005","0.7623333333333333","0.7872276932259027","0.5920503040154775","0.8604044357469015","0.6598500340831629","0.8354285714285714","0.8530986993114001","0.40775138246161596","0.9077340569877883","0.755052790346908"
"volcanic-sweep-91","f2b4l8u4","2025-02-04T00:12:25.000Z","818","finished","7.500919781737298","0.6","192","0.00001025006942110748","0.000011319458334282871","0.7546666666666667","0.7288135593220338","0.5065747400124868","0.6451402478799739","0.869120654396728","0.7987142857142857","0.781109212366009","0.417744548193046","0.682225237449118","0.9282051282051282"
"magic-sweep-90","f2b4l8u4","2025-02-03T23:58:39.000Z","85","finished","8.074675432381287","0.5","128","0.0006166671328228395","0.0001104948791133084","0.511","0.6763732627399074","3.310980260372162","1","0","0.5264285714285715","0.6897519887693028","2.8721107925687517","1","0"
"vivid-sweep-89","f2b4l8u4","2025-02-03T23:57:08.000Z","276","finished","9.445948019742591","0.5","192","0.00004945321373777132","0.00013535261438563993","0.7633333333333333","0.729420731707317","0.5275936250885328","0.62426614481409","0.9086571233810498","0.7915714285714286","0.7578423236514523","0.43355209273951395","0.6195386702849389","0.9828054298642533"
"eternal-sweep-88","f2b4l8u4","2025-02-03T23:52:24.000Z","84","finished","4.761856094217913","0.8","320","0.0006967558317805006","0.000256132882170933","0.511","0.6763732627399074","6.153168161710103","1","0","0.5264285714285715","0.6897519887693028","5.741051997457232","1","0"
"jolly-sweep-87","f2b4l8u4","2025-02-03T23:50:54.000Z","902","finished","7.080134412562858","0.8","192","0.000012246627413417384","0.00018288734602329675","0.7623333333333333","0.7644532540469111","0.5023750389615694","0.7547292889758643","0.7702794819359237","0.8282857142857143","0.8356126914660832","0.3892628827265331","0.8290366350067843","0.8274509803921568"
"eternal-sweep-86","f2b4l8u4","2025-02-03T23:35:43.000Z","78","finished","6.130145352671216","0.5","192","0.00030306486477860536","0.00001108853936713057","0.745","0.7797293406276994","0.6581451793511709","0.883235485975212","0.6005453306066802","0.8265714285714286","0.8537701758612383","0.3949569932052067","0.9617367706919946","0.6763197586726999"
"efficient-sweep-85","f2b4l8u4","2025-02-03T23:34:19.000Z","194","finished","7.592602073937403","0.4","192","0.00005183911134574299","0.0003783423313826083","0.763","0.7637088733798604","0.511991319557031","0.7495107632093934","0.7770961145194274","0.8481428571428572","0.8511829763404732","0.37071940089975086","0.824966078697422","0.8739064856711916"
"ethereal-sweep-84","f2b4l8u4","2025-02-03T23:31:00.000Z","457","finished","7.104907709077356","0.8","192","0.000023012665423600183","0.00008043666428306605","0.761","0.7343460540941089","0.49953459451595944","0.6464448793215917","0.8807089297886844","0.8128571428571428","0.7992644805393809","0.39436694234609604","0.7077340569877884","0.9297134238310709"
"clean-sweep-83","f2b4l8u4","2025-02-03T23:23:19.000Z","416","finished","7.165465567801861","0.4","320","0.00001605085655746615","0.00025130024560768494","0.7566666666666667","0.736271676300578","0.5120458776752154","0.6647097195042401","0.852760736196319","0.811","0.7984767707539985","0.40326530060597826","0.7112618724559023","0.9218702865761689"
"wise-sweep-82","f2b4l8u4","2025-02-03T23:16:18.000Z","395","finished","4.104744574629581","0.5","128","0.000041412493021689096","0.00008224837368619066","0.7156666666666667","0.6611044894715932","0.5693379069368044","0.542726679712981","0.896387184730743","0.772","0.7367205542725174","0.4767729065247944","0.6059701492537314","0.9565610859728507"
"radiant-sweep-81","f2b4l8u4","2025-02-03T23:09:35.000Z","490","finished","5.277072715254052","0.4","128","0.000031758251498051595","0.00018765348168502536","0.7563333333333333","0.755108877721943","0.5379860947529475","0.7351598173515982","0.7784594410361282","0.8342857142857143","0.8386648122392212","0.4001346826553345","0.8181818181818182","0.8521870286576169"
"dainty-sweep-80","f2b4l8u4","2025-02-03T23:01:19.000Z","968","finished","6.039430962753135","0.4","256","0.000009708122592448248","0.00010854108703524552","0.776","0.7825242718446602","0.5210354303320249","0.7886497064579256","0.7627811860940695","0.855","0.8629674632104766","0.37836445761578424","0.8672998643147897","0.8413273001508296"
"quiet-sweep-79","f2b4l8u4","2025-02-03T22:45:05.000Z","76","finished","7.466198412146279","0.8","128","0.0007570861497115679","0.000011146274084929669","0.7653333333333333","0.7869249394673123","0.6541898796955744","0.8480104370515329","0.6789366053169734","0.9025714285714286","0.9095250729636508","0.2834492927151067","0.930257801899593","0.8717948717948718"
"likely-sweep-78","f2b4l8u4","2025-02-03T22:43:43.000Z","1383","finished","9.57352841291762","0.8","192","0.000007879492658962666","0.0002574144818797675","0.7856666666666666","0.7889727600918937","0.4604843159516652","0.7840834964122635","0.787321063394683","0.8292857142857143","0.8322336094342272","0.38318320363759995","0.8043419267299864","0.8570135746606334"
"magic-sweep-77","f2b4l8u4","2025-02-03T22:20:35.000Z","113","finished","9.251493274817248","0.5","192","0.0005899208769651351","0.00005012550145017928","0.5156666666666667","0.677898470405675","1.191796789566676","0.9973907371167645","0.012269938650306749","0.5335714285714286","0.6927637150653995","0.775376728602818","0.9989145183175034","0.016289592760180997"
"dainty-sweep-76","f2b4l8u4","2025-02-03T22:18:33.000Z","140","finished","9.948662353233727","0.5","320","0.00011325354675480884","0.000021510984845669147","0.7853333333333333","0.7935897435897435","0.49716975291570026","0.8075668623613829","0.7620995228357191","0.8525714285714285","0.8592855194982274","0.33955487821783337","0.8550881953867029","0.8497737556561086"
"solar-sweep-75","f2b4l8u4","2025-02-03T22:16:05.000Z","545","finished","6.648879744110772","0.4","320","0.000012905032605400204","0.00001537240701633555","0.7656666666666667","0.7455664133188563","0.5171719814340273","0.6718851924331376","0.863667348329925","0.818","0.8075528700906345","0.39172465779951643","0.7253731343283583","0.9209653092006033"
"volcanic-sweep-74","f2b4l8u4","2025-02-03T22:06:52.000Z","85","finished","7.36295554863902","0.6","192","0.0002984973066423485","0.0004455551630897031","0.511","0.6763732627399074","2.895119289557139","1","0","0.5264285714285715","0.6897519887693028","2.448729498045785","1","0"
"honest-sweep-73","f2b4l8u4","2025-02-03T22:05:21.000Z","132","finished","4.321850797305961","0.6","128","0.0001591166715606453","0.00005932709956227794","0.744","0.7359009628610729","0.5533414433399836","0.6979778212654925","0.7920927062031357","0.8242857142857143","0.8246864310148233","0.4167488696319716","0.7850746268656716","0.8678733031674208"
"cerulean-sweep-72","f2b4l8u4","2025-02-03T22:03:00.000Z","730","finished","8.209921701236475","0.6","256","0.00001052717995930748","0.0000578989667432967","0.7803333333333333","0.781715799933753","0.4760523314277331","0.7697325505544683","0.7914110429447853","0.8452857142857143","0.8474862695395015","0.3660117770944323","0.8165535956580733","0.8772247360482655"
"lucky-sweep-71","f2b4l8u4","2025-02-03T21:50:45.000Z","126","finished","5.979975459569347","0.6","320","0.00013032612113783023","0.00016241176708207692","0.7663333333333333","0.7383351997013811","0.6067449251810709","0.6451402478799739","0.8929788684389911","0.8601428571428571","0.8497775049869571","0.31265467777848244","0.7514246947082768","0.9809954751131221"
"ethereal-sweep-70","f2b4l8u4","2025-02-03T21:48:33.000Z","1537","finished","9.488769872676212","0.4","128","0.000006515728665710416","0.00007891189969451192","0.792","0.7765042979942693","0.4473402351140976","0.7071102413568167","0.8807089297886844","0.8088571428571428","0.794280442804428","0.4015059119888714","0.7009497964721846","0.9288084464555053"
"rich-sweep-69","f2b4l8u4","2025-02-03T21:22:50.000Z","143","finished","6.620877900021034","0.4","256","0.0000952289557506758","0.00004597414690640968","0.776","0.766016713091922","0.5382529273629189","0.7175472928897586","0.8370824812542604","0.8787142857142857","0.8755679319947237","0.2901794761419296","0.8105834464043419","0.954449472096531"
"efficient-sweep-68","f2b4l8u4","2025-02-03T21:20:22.000Z","196","finished","4.671931555370007","0.4","128","0.00008961954099591455","0.00030671451705597386","0.76","0.7699680511182109","0.561586727698644","0.7860404435746902","0.732788002726653","0.8265714285714286","0.8373961960889366","0.4135036585586412","0.848303934871099","0.8024132730015083"
"rural-sweep-67","f2b4l8u4","2025-02-03T21:17:02.000Z","278","finished","5.0164064140626845","0.8","320","0.00004343663287035398","0.0005298886783666854","0.749","0.7274701411509229","0.5399353206157684","0.6555772994129159","0.8466257668711656","0.8334285714285714","0.8254491017964072","0.3849643234695707","0.748168249660787","0.9282051282051282"
"electric-sweep-66","f2b4l8u4","2025-02-03T21:12:17.000Z","500","finished","4.703427577274407","0.8","320","0.000023344266894019403","0.000011164600227263002","0.7516666666666667","0.7353463587921847","0.5372400308648745","0.675146771037182","0.8316291751874574","0.8244285714285714","0.8242528242528242","0.40903495465006146","0.7820895522388059","0.8714932126696833"
"devoted-sweep-65","f2b4l8u4","2025-02-03T21:03:52.000Z","878","finished","6.645973111626745","0.6","128","0.000013363078313821312","0.00002352374012638989","0.7566666666666667","0.7508532423208191","0.5157763610283533","0.7175472928897586","0.7975460122699386","0.806","0.8023864959254947","0.41331462136336733","0.748168249660787","0.8702865761689291"
"worldly-sweep-64","f2b4l8u4","2025-02-03T20:49:03.000Z","1106","finished","7.289251760323816","0.5","128","0.000009810631068430823","0.00001258143209120992","0.7633333333333333","0.7561813186813187","0.5104058583577474","0.7181996086105675","0.8104976141785958","0.8157142857142857","0.8109613130128956","0.3956882378884724","0.7508819538670285","0.8877828054298642"
"visionary-sweep-63","f2b4l8u4","2025-02-03T20:30:30.000Z","758","finished","8.443503341975259","0.6","320","0.000009159049941796876","0.0002628907617834866","0.7766666666666666","0.7582972582972582","0.48518144339323044","0.685583822570124","0.8718473074301295","0.8104285714285714","0.7957518854856087","0.39432871661015917","0.7014925373134329","0.9315233785822021"
"vague-sweep-62","f2b4l8u4","2025-02-03T20:17:46.000Z","868","finished","5.899751464206006","0.4","256","0.00001098613780170402","0.000392776194362112","0.7703333333333333","0.7526032315978456","0.5112072502573332","0.6836268754076973","0.8609406952965235","0.84","0.8313253012048193","0.37060393925224033","0.7489823609226595","0.9411764705882353"
"chocolate-sweep-61","f2b4l8u4","2025-02-03T20:03:11.000Z","117","finished","5.101538479183745","0.4","256","0.0001396626570304969","0.00001838747973956722","0.7226666666666667","0.6777691711851278","0.6046459376811981","0.5707762557077626","0.8813905930470347","0.832","0.8156739811912226","0.37696701820407597","0.7061058344640434","0.971945701357466"
"dainty-sweep-60","f2b4l8u4","2025-02-03T20:01:08.000Z","168","finished","8.08419130311912","0.5","256","0.00007607440532801375","0.0007634280440540071","0.511","0.6763732627399074","1.6182051797707875","1","0","0.5264285714285715","0.6897519887693028","1.3316279223987035","1","0"
"elated-sweep-59","f2b4l8u4","2025-02-03T19:58:15.000Z","338","finished","7.163061932242794","0.8","128","0.00004166397313426681","0.0005670333259361052","0.77","0.7789878283151825","0.5447490985194842","0.7932159165035877","0.7457396046353102","0.8331428571428572","0.842926304464766","0.3959982373884746","0.8504748982360922","0.8138763197586727"
"wild-sweep-58","f2b4l8u4","2025-02-03T19:52:28.000Z","248","finished","9.42256184083729","0.6","320","0.00004106527868031555","0.0006782054857736962","0.797","0.7930682976554536","0.4776396577556928","0.761252446183953","0.8343558282208589","0.8554285714285714","0.8537994799190985","0.3410254770091602","0.8018995929443691","0.9149321266968325"
"lyric-sweep-57","f2b4l8u4","2025-02-03T19:48:12.000Z","863","finished","3.5465349773375423","0.6","320","0.000012864218199349731","0.00005871786070339274","0.722","0.6695721077654516","0.5854481955369314","0.5512067840834964","0.9004771642808452","0.7768571428571428","0.7547880690737834","0.4658598250576428","0.6523744911804613","0.9152337858220211"
"blooming-sweep-56","f2b4l8u4","2025-02-03T19:33:42.000Z","669","finished","4.720777281989371","0.5","320","0.00001270303810077783","0.0001266282015936365","0.7323333333333333","0.6980067694622039","0.5444681520263354","0.6053489889106327","0.8650306748466258","0.818","0.807785153892577","0.4267560158457075","0.7264586160108548","0.9197586726998491"
"devoted-sweep-55","f2b4l8u4","2025-02-03T19:22:28.000Z","67","finished","3.5273377409724627","0.4","256","0.0007301893397003774","0.0000277157529535044","0.7503333333333333","0.7660106216807248","0.5904494524002075","0.7997390737116764","0.6987048398091343","0.8171428571428572","0.8383021728145528","0.4678420541541917","0.9004070556309363","0.7245852187028657"
"lemon-sweep-54","f2b4l8u4","2025-02-03T19:21:15.000Z","102","finished","9.648032756291126","0.5","256","0.0006116370233191448","0.00006949163122051451","0.511","0.6763732627399074","12.693873961766561","1","0","0.5264285714285715","0.6897519887693028","12.031653029578072","1","0"
"driven-sweep-53","f2b4l8u4","2025-02-03T19:19:27.000Z","121","finished","8.161871152320604","0.8","128","0.00014794060525702996","0.00004082087847304014","0.7393333333333333","0.6872","0.5995192428429922","0.5603392041748206","0.9263803680981595","0.7705714285714286","0.724339169241332","0.496989512017795","0.5725915875169606","0.9906485671191554"
"neat-sweep-52","f2b4l8u4","2025-02-03T19:17:19.000Z","117","finished","9.678086813990802","0.6","256","0.0006300866813904722","0.00016976096017720717","0.511","0.6763732627399074","12.65819001197815","1","0","0.5264285714285715","0.6897519887693028","11.959021091461182","1","0"
"fine-sweep-51","f2b4l8u4","2025-02-03T19:15:15.000Z","90","finished","6.774141475187171","0.8","320","0.00030425442628437196","0.00002629589198324392","0.578","0.3104575163398693","2.387800226608912","0.18590998043052837","0.9877300613496932","0.5844285714285714","0.34790405738623625","2.1555301291602","0.21058344640434193","1"
"soft-sweep-50","f2b4l8u4","2025-02-03T19:13:39.000Z","41","finished","3.9628577686326585","0.6","128","0.000007118130249154448","0.00029461395765482306","0.511","0.6763732627399074","0.6929282198349634","1","0","0.5264285714285715","0.6897519887693028","0.6913794726133347","1","0"
"twilight-sweep-49","f2b4l8u4","2025-02-03T19:12:49.000Z","314","finished","6.262287923066692","0.5","256","0.00002836405000692269","0.000011432688908568084","0.7653333333333333","0.7541899441340782","0.5078496187925339","0.7045009784735812","0.8289025221540559","0.8472857142857143","0.8445090909090909","0.3617189569132669","0.7877883310719132","0.9134238310708899"
"valiant-sweep-48","f2b4l8u4","2025-02-03T19:07:29.000Z","430","finished","4.788902174185498","0.5","128","0.000034578233986173576","0.00042182995175416905","0.7276666666666667","0.7715963097567794","0.6359258343776067","0.9001956947162426","0.547375596455351","0.7698571428571429","0.8118650005839075","0.512364115033831","0.9432835820895522","0.5770739064856711"
"glowing-sweep-47","f2b4l8u4","2025-02-03T19:00:15.000Z","1932","finished","7.018371987686475","0.5","128","0.000005557616934364847","0.000010054948919061575","0.761","0.7575245180926615","0.5168939580519994","0.730593607305936","0.792774369461486","0.811","0.8110269961434081","0.41936255246400833","0.7704206241519674","0.8561085972850678"
"whole-sweep-46","f2b4l8u4","2025-02-03T18:27:55.000Z","146","finished","9.09741540552248","0.4","192","0.00009753011206737956","0.0005065635299152014","0.7843333333333333","0.7789545609839426","0.47706590096155804","0.7436399217221135","0.8268575323790047","0.8505714285714285","0.8464925154094511","0.33743674733809065","0.7826322930800542","0.9260935143288085"
"helpful-sweep-45","f2b4l8u4","2025-02-03T18:25:23.000Z","112","finished","5.724269652913707","0.6","192","0.0004474547622496044","0.0005009219053013033","0.6136666666666667","0.41846462619167085","1.4403471052646637","0.2720156555772994","0.9706884798909339","0.66","0.5230460921843687","1.0756008731467384","0.3541383989145183","1"
"fiery-sweep-44","f2b4l8u4","2025-02-03T18:23:24.000Z","634","finished","4.741803047663942","0.8","256","0.00001955259181758148","0.0006903277532821606","0.7463333333333333","0.720938760542721","0.5362013255556425","0.6412263535551207","0.8561690524880708","0.8162857142857143","0.8126456876456877","0.41877588097538265","0.7568521031207598","0.8823529411764706"
"lemon-sweep-43","f2b4l8u4","2025-02-03T18:12:42.000Z","85","finished","3.517112737748082","0.5","256","0.0009745082417261224","0.00010356653409613385","0.511","0.6763732627399074","2.153135895729065","1","0","0.5264285714285715","0.6897519887693028","1.985712856054306","1","0"
"peach-sweep-42","f2b4l8u4","2025-02-03T18:11:10.000Z","121","finished","4.300564411866336","0.6","320","0.00032767400043806876","0.00001150159488627688","0.5853333333333334","0.32537960954446854","1.5166680912176769","0.19569471624266144","0.9925017041581459","0.595","0.3748621830209482","1.2893810059343065","0.23066485753052918","1"
"confused-sweep-41","f2b4l8u4","2025-02-03T18:09:00.000Z","88","finished","8.4395706650478","0.5","192","0.0006353303056017612","0.00015065685870108676","0.6353333333333333","0.45190380761523047","1.6972802877426147","0.294194390084801","0.9918200408997955","0.6042857142857143","0.3978260869565217","1.6285120631967271","0.24830393487109906","1"
"daily-sweep-40","f2b4l8u4","2025-02-03T18:07:27.000Z","272","finished","9.242350600832957","0.8","128","0.0000639396089089747","0.00008366822731185521","0.5223333333333333","0.6748354889947811","0.7834485818942388","0.9699934768427919","0.054533060668029994","0.558","0.7032988108937476","0.6020818565573011","0.9951153324287653","0.07209653092006033"
"dazzling-sweep-39","f2b4l8u4","2025-02-03T18:02:49.000Z","881","finished","5.093000678913417","0.6","256","0.000011358913885608049","0.0003846917442462526","0.7616666666666667","0.7467233439603259","0.52765870342652","0.6875407697325505","0.8391274710293115","0.8251428571428572","0.8229166666666666","0.41375776806047987","0.7717774762550882","0.8844645550527903"
"elated-sweep-38","f2b4l8u4","2025-02-03T17:48:02.000Z","460","finished","8.38117976802516","0.4","256","0.00001598784271334692","0.000012711073805827809","0.7783333333333333","0.7813219335744821","0.47339898099501926","0.7749510763209393","0.78186775732788","0.8507142857142858","0.8520039654439882","0.3600602809871946","0.8162822252374491","0.8889894419306184"
"woven-sweep-37","f2b4l8u4","2025-02-03T17:40:13.000Z","79","finished","6.3713802531925765","0.6","320","0.0006599772098126153","0.00003114028369822455","0.5153333333333333","0.6729644624381467","1.1369709074497223","0.9758643183300717","0.03408316291751875","0.5327142857142857","0.6923728016552243","0.70316381752491","0.9989145183175034","0.014479638009049774"
"dandy-sweep-36","f2b4l8u4","2025-02-03T17:38:48.000Z","619","finished","7.668068646209283","0.6","320","0.000012253990925933649","0.0005279319386766486","0.77","0.7584033613445378","0.5062218184272448","0.7064579256360078","0.83640081799591","0.8294285714285714","0.8238418412511065","0.37576426778520855","0.7576662143826323","0.9092006033182504"
"dark-sweep-35","f2b4l8u4","2025-02-03T17:28:22.000Z","106","finished","8.054219455014511","0.6","320","0.0001746646899456103","0.000010561463422446514","0.6173333333333333","0.4130879345603272","1.687105615933736","0.26353555120678407","0.9870483980913429","0.5928571428571429","0.3694690265486726","1.6200422729764665","0.2265943012211669","1"
"spring-sweep-34","f2b4l8u4","2025-02-03T17:26:32.000Z","206","finished","7.870979520537746","0.4","192","0.0000500825854593068","0.00006972149705943958","0.776","0.7642105263157895","0.5019897222518921","0.7103718199608611","0.8445807770961146","0.838","0.8321492007104796","0.35691696937595097","0.7628222523744912","0.9215686274509803"
"major-sweep-33","f2b4l8u4","2025-02-03T17:22:57.000Z","109","finished","7.066867262545779","0.8","192","0.0005676907478751494","0.00004259189908060942","0.511","0.6763732627399074","6.308435042699178","1","0","0.5264285714285715","0.6897519887693028","5.575219426836286","1","0"
"vital-sweep-32","f2b4l8u4","2025-02-03T17:21:00.000Z","135","finished","9.017228452354802","0.4","128","0.0001635408289752097","0.0004499527030776133","0.517","0.673869007427414","0.919730618596077","0.9765166340508806","0.03680981595092025","0.545","0.6976744186046512","0.6537314653396606","0.9972862957937585","0.042232277526395176"
"fallen-sweep-31","f2b4l8u4","2025-02-03T17:18:37.000Z","75","finished","4.237985761376738","0.5","192","0.00047443896875870074","0.0005062944486779066","0.511","0.6763732627399074","2.3043795029322305","1","0","0.5264285714285715","0.6897519887693028","2.0874486906187877","1","0"
"absurd-sweep-30","f2b4l8u4","2025-02-03T17:17:14.000Z","1310","finished","8.816507184267126","0.8","256","0.000007274688491936408","0.0004942486212050264","0.785","0.7692307692307693","0.45974697172641754","0.7012393998695369","0.8725289706884799","0.8322857142857143","0.8220133414190418","0.3703609587890761","0.735685210312076","0.9396681749622926"
"rose-sweep-29","f2b4l8u4","2025-02-03T16:55:18.000Z","289","finished","9.522889218224275","0.4","256","0.00003785446404821497","0.0006601404530344962","0.7473333333333333","0.7868391451068616","0.587883380552133","0.9125896934116112","0.5746421267893661","0.805","0.8373644703919934","0.4455151398267065","0.95359565807327","0.6398190045248868"
"hardy-sweep-28","f2b4l8u4","2025-02-03T16:50:24.000Z","67","finished","7.4640251447779935","0.5","192","0.0008978414013077105","0.000047095868444720605","0.56","0.2465753424657534","3.2580389976501465","0.14090019569471623","0.9979550102249489","0.5298571428571428","0.1931846040696249","3.2218038695199147","0.10691994572591587","1"
"elated-sweep-27","f2b4l8u4","2025-02-03T16:49:10.000Z","70","finished","4.553289618020521","0.6","128","0.000514168098619511","0.0008655029676823897","0.7606666666666667","0.7664281067013663","0.5667322501540184","0.7684279191128506","0.7525562372188139","0.8535714285714285","0.8618039638667925","0.376875707081386","0.8672998643147897","0.8383107088989442"
"grateful-sweep-26","f2b4l8u4","2025-02-03T15:38:37.000Z","1830","finished","6.142736916720214","0.6","192","0.000006312155003734085","0.00002140719344734302","0.7713333333333333","0.7569099929128278","0.5010052149494489","0.6966731898238747","0.8493524199045671","0.8337142857142857","0.830122591943958","0.38424505506243023","0.7717774762550882","0.9025641025641026"
"charmed-sweep-25","f2b4l8u4","2025-02-03T15:08:01.000Z","96","finished","6.149233969804053","0.8","128","0.0004947302196328465","0.000026325777158687094","0.583","0.3306581059390048","2.69077475865682","0.20156555772994128","0.9815950920245399","0.5755714285714286","0.32461923164355533","2.505975203854697","0.1937584803256445","1"
"solar-sweep-24","f2b4l8u4","2025-02-03T15:06:19.000Z","578","finished","3.6728484302537887","0.8","192","0.00003126465304611545","0.00006174174174997087","0.73","0.6952595936794582","0.5662399232387543","0.6027397260273972","0.8629856850715747","0.7947142857142857","0.7823716492503408","0.4581404466714178","0.7009497964721846","0.8989441930618401"
"logical-sweep-23","f2b4l8u4","2025-02-03T14:56:32.000Z","89","finished","4.277764651748239","0.4","256","0.0002690761037610498","0.0005057440568823921","0.557","0.2418710781517399","1.5202773213386536","0.13829093281148075","0.994546693933197","0.5641428571428572","0.2935864783514702","1.3908703242029463","0.17204884667571235","1"
"vibrant-sweep-22","f2b4l8u4","2025-02-03T14:54:58.000Z","943","finished","8.742570900371984","0.4","192","0.000008708952622785612","0.0008052892723994274","0.7686666666666667","0.7487328023171614","0.4789055238167445","0.6744944553163731","0.8670756646216768","0.8051428571428572","0.7891156462585034","0.4018976390361786","0.6925373134328359","0.930316742081448"
"lilac-sweep-21","f2b4l8u4","2025-02-03T14:39:08.000Z","65","finished","5.479348097972299","0.6","192","0.0009614821557459788","0.00002194185529585873","0.77","0.747991234477721","0.5936427960793177","0.6679712981082844","0.8766189502385822","0.8835714285714286","0.8785575920131128","0.2838005082947867","0.8","0.9764705882352941"
"devout-sweep-20","f2b4l8u4","2025-02-03T14:37:55.000Z","1191","finished","9.55555816885368","0.4","256","0.000006252080679820233","0.00002585370492373123","0.7896666666666666","0.7775819527670074","0.448493592441082","0.7195042400521853","0.8629856850715747","0.8265714285714286","0.8170584689572031","0.3817305213638714","0.735685210312076","0.9276018099547512"
"noble-sweep-19","f2b4l8u4","2025-02-03T14:17:56.000Z","294","finished","4.09006949634052","0.8","256","0.000050750445282993475","0.0008237578417326946","0.5096666666666667","0.6696609027621828","0.7042634834845861","0.9726027397260274","0.025903203817314247","0.5317142857142857","0.6910461828463713","0.6204597375222615","0.9948439620081411","0.01689291101055807"
"revived-sweep-18","f2b4l8u4","2025-02-03T14:12:55.000Z","137","finished","9.742305254077896","0.6","320","0.0008978607166591544","0.0008371357843385865","0.511","0.6763732627399074","3.106652537981669","1","0","0.5264285714285715","0.6897519887693028","2.714158160345895","1","0"
"major-sweep-17","f2b4l8u4","2025-02-03T14:10:33.000Z","87","finished","4.0453896199381525","0.8","256","0.000468051498036284","0.0001094998265805939","0.539","0.18020154119739182","1.6360520521799724","0.09915198956294846","0.9986366734832992","0.5442857142857143","0.23684210526315788","1.4703523516654968","0.13432835820895522","1"
"ethereal-sweep-16","f2b4l8u4","2025-02-03T14:09:00.000Z","1433","finished","7.878700247570846","0.6","320","0.000005122166055847904","0.0000880197180083352","0.79","0.79","0.5081706444422404","0.7729941291585127","0.8077709611451943","0.83","0.8342618384401114","0.3868995713336127","0.8127544097693351","0.8491704374057315"
"faithful-sweep-15","f2b4l8u4","2025-02-03T13:44:58.000Z","1073","finished","6.17645982460267","0.8","128","0.000015128666548448246","0.00004624525582178961","0.765","0.746128916096507","0.517682837943236","0.6757990867579908","0.858214042263122","0.8142857142857143","0.8012232415902141","0.41343376466206144","0.7109905020352781","0.9291101055806938"
"wandering-sweep-14","f2b4l8u4","2025-02-03T13:26:57.000Z","474","finished","8.342651517566143","0.8","128","0.00003190713200531528","0.00002144764626793304","0.786","0.7862849533954727","0.48046887169281643","0.7703848662752772","0.8023176550783913","0.8392857142857143","0.8388021206476572","0.3635839649609157","0.7943012211668928","0.8892911010558069"
"exalted-sweep-13","f2b4l8u4","2025-02-03T12:11:46.000Z","637","crashed","5.075083451152051","0.4","192","0.00001016786473868086","0.0004768762817648083","0.725","0.7027027027027027","0.5758193532625834","0.6360078277886497","0.8179959100204499","0.7728571428571429","0.7675438596491229","0.5434894902365548","0.7123473541383989","0.8401206636500754"
"ruby-sweep-12","f2b4l8u4","2025-02-03T12:01:00.000Z","124","finished","5.071546929022973","0.8","128","0.00021992879216287025","0.0003567809230676487","0.511","0.6763732627399074","1.12487589319547","1","0","0.5272857142857142","0.6901395261728627","0.8936203313725335","1","0.0018099547511312218"
"lunar-sweep-11","f2b4l8u4","2025-02-03T11:58:50.000Z","241","finished","3.733657323988579","0.6","192","0.00006557600173862373","0.00013817368066590502","0.7346666666666667","0.7126353790613719","0.5663342674573263","0.6438356164383562","0.8295841854124063","0.8084285714285714","0.8028231142479048","0.43238267621823717","0.7408412483039348","0.8835595776772247"
"celestial-sweep-10","f2b4l8u4","2025-02-03T11:54:44.000Z","67","finished","7.170880610470591","0.4","192","0.0006961931828224149","0.00004743560556853787","0.7456666666666667","0.7013698630136986","0.8595484246810278","0.5844748858447488","0.9141104294478528","0.8001428571428572","0.7660926266510617","0.5190612822771072","0.6217096336499321","0.9984917043740573"
"expert-sweep-9","f2b4l8u4","2025-02-03T11:53:30.000Z","680","finished","3.921809345841752","0.8","320","0.000020097724815578204","0.0003734658245570811","0.7416666666666667","0.7389693499494779","0.5597189913193384","0.715590345727332","0.7689161554192229","0.8251428571428572","0.8342361863488624","0.4387545638850757","0.835820895522388","0.8132730015082956"
"proud-sweep-8","f2b4l8u4","2025-02-03T11:42:04.000Z","101","finished","9.988501722722887","0.4","256","0.0005919975766511145","0.00008879933309084584","0.511","0.6763732627399074","3.107465406258901","1","0","0.5264285714285715","0.6897519887693028","2.77713075705937","1","0"
"silvery-sweep-7","f2b4l8u4","2025-02-03T11:40:16.000Z","86","finished","7.596673231431031","0.8","320","0.00035692410490958547","0.00003527470780769147","0.629","0.4557457212713936","1.4537074367205303","0.3039791258969341","0.9686434901158828","0.6414285714285715","0.4835390946502058","1.2917889526912145","0.31886024423337855","1"
"magic-sweep-6","f2b4l8u4","2025-02-03T11:38:42.000Z","1369","finished","6.847000538364943","0.6","256","0.0000061631020246898576","0.000012766285031234617","0.7636666666666667","0.7566083075866804","0.510599655409654","0.7188519243313763","0.8104976141785958","0.8281428571428572","0.8274774128782446","0.3909604155591556","0.7829036635006784","0.8784313725490196"
"firm-sweep-5","f2b4l8u4","2025-02-03T11:05:55.000Z","133","finished","8.418715849749585","0.4","192","0.00008438595509234003","0.0004285190408179197","0.7556666666666667","0.7802098950524737","0.5499692509571711","0.8486627527723418","0.6584867075664622","0.8397142857142857","0.856190720328121","0.39370438562972204","0.9063772048846676","0.7656108597285067"
"playful-sweep-4","f2b4l8u4","2025-02-03T11:03:35.000Z","675","finished","5.913206329980477","0.4","320","0.000012043777991666291","0.00008956776485237892","0.766","0.7615489130434783","0.5270565003156662","0.731245923026745","0.8023176550783913","0.8434285714285714","0.8451539983046058","0.3901201773967062","0.8116689280868385","0.8787330316742081"
"dry-sweep-3","f2b4l8u4","2025-02-03T10:52:15.000Z","533","finished","6.422345003846914","0.5","320","0.000014483749094954368","0.00002210939963445406","0.765","0.7470398277717977","0.5160674800475439","0.6790606653620352","0.8548057259713702","0.8274285714285714","0.8188905547226387","0.38387316146067213","0.741112618724559","0.9233785822021117"
"breezy-sweep-2","f2b4l8u4","2025-02-03T10:43:15.000Z","116","finished","7.249391267384855","0.8","256","0.00018433436828760676","0.0005044238948728732","0.6716666666666666","0.5467096180395766","1.246110479036967","0.38747553816046965","0.9686434901158828","0.6638571428571428","0.5311815102610081","1.088087118097714","0.36173677069199456","0.9996983408748115"
"astral-sweep-1","f2b4l8u4","2025-02-03T10:41:15.000Z","196","finished","6.38535493867067","0.6","192","0.0000669454733725521","0.00002376762513094323","0.768","0.7710526315789473","0.5201956058541933","0.7645140247879973","0.7716428084526245","0.8565714285714285","0.8618602091359384","0.3522985375353268","0.849932157394844","0.8639517345399699"
"treasured-sweep-105","rl3tm5la","2025-01-29T07:13:36.000Z","1098","finished","6.248538620646466","0.4","128","0.000007735399664003979","0.000019502999401402893","0.7816666666666666","0.7729636048526863","0.4949827740589778","0.7273320287018917","0.8384458077709611","0.8154285714285714","0.8108899297423887","0.4016675502061844","0.751696065128901","0.8862745098039215"
"eager-sweep-104","rl3tm5la","2025-01-29T06:55:10.000Z","597","finished","3.7601396676714343","0.6","256","0.00001266964599775038","0.00004548213169623647","0.775","0.7642333216905344","0.49369971205790836","0.7136333985649054","0.8391274710293115","0.8141428571428572","0.8098787081689317","0.4058531927210944","0.751967435549525","0.8832579185520362"
"gallant-sweep-103","rl3tm5la","2025-01-29T06:45:07.000Z","235","finished","8.565755116734861","0.5","320","0.00009527992961105878","0.000012862783936814296","0.77","0.7635366689513365","0.5120045964916548","0.7266797129810828","0.8152692569870484","0.857","0.855032585083273","0.33193169214895796","0.8010854816824966","0.919155354449472"
"flowing-sweep-102","rl3tm5la","2025-01-29T06:41:05.000Z","281","finished","3.3439284813800096","0.5","256","0.000035549916580465425","0.000015021205782996884","0.7816666666666666","0.7728061047519944","0.49624227980772656","0.7266797129810828","0.8391274710293115","0.8361428571428572","0.8321872713972202","0.36964675571237293","0.7717774762550882","0.9076923076923077"
"avid-sweep-101","rl3tm5la","2025-01-29T06:36:18.000Z","255","finished","5.417929710770807","0.4","320","0.000039987323331325576","0.000012183075671573144","0.768","0.7547568710359408","0.5019796664516131","0.6986301369863014","0.8404907975460123","0.8355714285714285","0.8306107431935247","0.36264065546648844","0.7658073270013569","0.9131221719457013"
"logical-sweep-100","rl3tm5la","2025-01-29T06:31:57.000Z","163","finished","4.4649763658053825","0.4","128","0.00016629086461309467","0.00005968755299353441","0.7836666666666666","0.7806691449814126","0.5192371581991514","0.7534246575342466","0.8152692569870484","0.8655714285714285","0.8628879498761475","0.3053177499345371","0.803527815468114","0.9345399698340875"
"vocal-sweep-99","rl3tm5la","2025-01-29T06:29:06.000Z","218","finished","7.942909333626599","0.6","192","0.00006778592384416942","0.0002600435457411525","0.7776666666666666","0.7795041322314049","0.5038677801688513","0.7690802348336595","0.7866394001363326","0.8541428571428571","0.8578588333565362","0.34423217283827917","0.8360922659430122","0.8742081447963801"
"magic-sweep-98","rl3tm5la","2025-01-29T06:25:21.000Z","859","finished","3.7528602800474298","0.4","192","0.00000925296865293742","0.000010108429329230308","0.7786666666666666","0.773069036226931","0.48985259731610614","0.7377690802348337","0.8214042263122018","0.8244285714285714","0.8218582403246847","0.3765858986548015","0.7693351424694709","0.8856711915535445"
"zany-sweep-97","rl3tm5la","2025-01-29T06:10:55.000Z","163","finished","3.997662799537315","0.8","256","0.00031622271201390927","0.0003204017457738768","0.7486666666666667","0.781702374059062","0.7327490548292795","0.8806262230919765","0.610770279481936","0.8638571428571429","0.8810385719635501","0.3384584773864065","0.9576662143826323","0.759577677224736"
"jolly-sweep-96","rl3tm5la","2025-01-29T06:08:04.000Z","186","finished","6.85024220493049","0.4","128","0.00016353662645140915","0.00037129468992194736","0.784","0.7829872739450771","0.503722757101059","0.7625570776255708","0.8064076346284935","0.847","0.8464956284936219","0.34958793967962265","0.8013568521031208","0.897737556561086"
"solar-sweep-95","rl3tm5la","2025-01-29T06:04:51.000Z","255","finished","3.246166443176695","0.6","192","0.000059819174981744824","0.00006078537656794276","0.7803333333333333","0.7677123722241804","0.4949062516291936","0.7103718199608611","0.8534423994546694","0.8364285714285714","0.8277418384233489","0.35786523882831844","0.746540027137042","0.9363499245852187"
"trim-sweep-94","rl3tm5la","2025-01-29T06:00:28.000Z","192","finished","6.701164981469974","0.6","256","0.00007994025373018826","0.00005762756590638806","0.7843333333333333","0.7804546996946047","0.5154505024353663","0.7501630789302022","0.820040899795501","0.8617142857142858","0.8597914252607184","0.3266253535236631","0.8054274084124831","0.9242835595776773"
"curious-sweep-93","rl3tm5la","2025-01-29T05:57:08.000Z","699","finished","3.260929859658825","0.6","320","0.00001254404187852779","0.00013108405107997627","0.7663333333333333","0.7578583765112262","0.49867235620816547","0.715590345727332","0.8193592365371506","0.8198571428571428","0.8180637714615495","0.39381454246384756","0.7693351424694709","0.8760180995475113"
"unique-sweep-92","rl3tm5la","2025-01-29T05:45:24.000Z","180","finished","4.378791210165669","0.4","192","0.00012097710888184464","0.000048673538376501705","0.7526666666666667","0.7728107777097367","0.5635828028122584","0.8232224396607958","0.6789366053169734","0.8652857142857143","0.8766191286144184","0.3457673362323216","0.9090909090909091","0.8165912518853695"
"autumn-sweep-91","rl3tm5la","2025-01-29T05:42:16.000Z","1180","finished","7.31573766341268","0.4","128","0.000007316319952399072","0.0009988340974572405","0.764","0.7522743177046886","0.5040495644013087","0.7012393998695369","0.8295841854124063","0.7925714285714286","0.7857142857142857","0.44550948377166477","0.7223880597014926","0.8705882352941177"
"warm-sweep-90","rl3tm5la","2025-01-29T05:22:28.000Z","244","finished","7.6522523639271345","0.5","192","0.00006237176395911364","0.00017271254522872704","0.7766666666666666","0.7769640479360852","0.49998364349206287","0.761252446183953","0.792774369461486","0.8497142857142858","0.8519977490151941","0.3454889708331653","0.8217096336499321","0.8808446455505279"
"rural-sweep-89","rl3tm5la","2025-01-29T05:18:18.000Z","1466","finished","6.708589645982093","0.4","128","0.000005436249466963915","0.000022453700311062257","0.77","0.7604166666666666","0.4992703249057134","0.7142857142857143","0.8282208588957055","0.8021428571428572","0.797366495976591","0.4297050940138953","0.7394843962008141","0.8717948717948718"
"crisp-sweep-88","rl3tm5la","2025-01-29T04:53:43.000Z","201","finished","3.360771190830069","0.4","192","0.0001606131585793019","0.00009830272203079008","0.7846666666666666","0.7876397107166337","0.5339313372969627","0.781474233529028","0.7880027266530334","0.8811428571428571","0.8842193153353743","0.2976879073040826","0.8621438263229309","0.902262443438914"
"morning-sweep-87","rl3tm5la","2025-01-29T04:50:16.000Z","542","finished","4.449648003546651","0.6","320","0.000016460984359837445","0.0008162630030182112","0.77","0.7615756738078784","0.4976028154293696","0.7188519243313763","0.8234492160872529","0.8242857142857143","0.8226643598615917","0.3882295787334442","0.7742198100407056","0.8799396681749623"
"earnest-sweep-86","rl3tm5la","2025-01-29T04:41:07.000Z","598","finished","7.224016260112654","0.5","256","0.000013143060599428156","0.0002612567198406756","0.777","0.7671423599025409","0.49289383242527646","0.7188519243313763","0.8377641445126107","0.8181428571428572","0.8143502989645618","0.400167210825852","0.7576662143826323","0.8853695324283559"
"earnest-sweep-85","rl3tm5la","2025-01-29T04:31:02.000Z","1022","finished","5.518630064694356","0.6","256","0.000006102272287724021","0.0000106313574783634","0.772","0.7603363700070077","0.4961824690302213","0.7077625570776256","0.8391274710293115","0.8111428571428572","0.8073447974351501","0.4196792883532388","0.751696065128901","0.8772247360482655"
"valiant-sweep-84","rl3tm5la","2025-01-29T04:13:54.000Z","199","finished","8.558617182579493","0.4","128","0.0001873796988400517","0.00007209991099126403","0.779","0.7860600193610843","0.5423483178019524","0.7945205479452054","0.7627811860940695","0.8721428571428571","0.8766708006063112","0.3147617961679186","0.8632293080054274","0.882051282051282"
"hearty-sweep-83","rl3tm5la","2025-01-29T04:10:26.000Z","319","finished","4.961354562803072","0.6","192","0.000037661040593501275","0.00020938927186752197","0.781","0.7756913622396723","0.49230288962523144","0.741030658838878","0.8227675528289026","0.8387142857142857","0.8364479211936839","0.3506848450217928","0.7834464043419267","0.9001508295625943"
"twilight-sweep-82","rl3tm5la","2025-01-29T04:05:01.000Z","978","finished","4.198561604546203","0.6","128","0.000010272421739392814","0.000018248873025516932","0.7696666666666667","0.759149529452771","0.49897565444310504","0.7103718199608611","0.8316291751874574","0.8078571428571428","0.8018270222484161","0.41715328927551","0.7383989145183175","0.8850678733031674"
"lunar-sweep-81","rl3tm5la","2025-01-29T03:48:35.000Z","806","finished","8.97632929170393","0.4","128","0.000010748107257735226","0.000010290139745126456","0.7716666666666666","0.7638745260255084","0.4995032201210658","0.7227658186562296","0.8227675528289026","0.8052857142857143","0.800643557115694","0.42026905715465546","0.742740841248304","0.8748114630467572"
"fresh-sweep-80","rl3tm5la","2025-01-29T03:35:00.000Z","171","finished","4.506062485575579","0.5","320","0.00020217421977443192","0.00002213676626035956","0.7623333333333333","0.7877344447752307","0.6442809452613195","0.863013698630137","0.6571233810497614","0.8604285714285714","0.8759994923213605","0.344360525054591","0.9364993215739484","0.7758672699849171"
"northern-sweep-79","rl3tm5la","2025-01-29T03:32:04.000Z","318","finished","8.224356055039838","0.8","192","0.00004690429629733319","0.00004574507891655002","0.7773333333333333","0.7735593220338983","0.49104585995276767","0.7442922374429224","0.8118609406952966","0.8371428571428572","0.8357348703170029","0.35525138889040264","0.7869742198100407","0.8929110105580694"
"vocal-sweep-78","rl3tm5la","2025-01-29T03:26:38.000Z","647","finished","3.700957671177191","0.6","128","0.000019622010173267684","0.00008982301793890844","0.7753333333333333","0.7674258109040718","0.49654941260814667","0.7253750815394651","0.8275391956373551","0.8151428571428572","0.8113152522601341","0.3966241649218968","0.7549525101763908","0.882051282051282"
"curious-sweep-77","rl3tm5la","2025-01-29T03:15:44.000Z","173","finished","3.2280538505827563","0.4","320","0.0004617474812598251","0.0006022877087711773","0.747","0.7052427184466019","0.9027202278375626","0.5923026744944553","0.9086571233810498","0.8044285714285714","0.772250873398769","0.5201138736946243","0.6298507462686567","0.9984917043740573"
"rural-sweep-76","rl3tm5la","2025-01-29T03:12:45.000Z","732","finished","4.609012843212651","0.5","192","0.00001301073001668355","0.000041704635871718","0.7763333333333333","0.7701267557382665","0.48825625826915103","0.7332028701891715","0.8214042263122018","0.8238571428571428","0.821485449543941","0.3836932267461504","0.7698778833107192","0.8838612368024132"
"still-sweep-75","rl3tm5la","2025-01-29T03:00:26.000Z","244","finished","6.386660012331911","0.8","320","0.0000974194314761053","0.000153467765830989","0.7806666666666666","0.7754266211604095","0.5439212595423063","0.741030658838878","0.8220858895705522","0.8742857142857143","0.8715328467153285","0.29683571202414377","0.8100407055630936","0.9457013574660633"
"serene-sweep-74","rl3tm5la","2025-01-29T02:56:13.000Z","155","finished","6.332550997228194","0.5","320","0.0004093080559055479","0.0003412579331721869","0.7823333333333333","0.7781175671083927","0.6068074579040209","0.7469015003261579","0.8193592365371506","0.8948571428571429","0.8927738927738927","0.25508170681340353","0.8314789687924016","0.9653092006033183"
"efficient-sweep-73","rl3tm5la","2025-01-29T02:53:30.000Z","274","finished","7.757155114333658","0.6","192","0.00005449427277997336","0.0002846045672732405","0.7763333333333333","0.7716910513780197","0.4925346225500107","0.7397260273972602","0.814587593728698","0.8257142857142857","0.8243593435070544","0.37688455837113516","0.7769335142469471","0.8799396681749623"
"rich-sweep-72","rl3tm5la","2025-01-29T02:48:51.000Z","784","finished","4.546213582601812","0.4","256","0.000008456965363774142","0.000020129614537764423","0.7676666666666667","0.7544910179640718","0.49508266647656757","0.6986301369863014","0.8398091342876619","0.8061428571428572","0.8002355365817754","0.42634653619357515","0.737584803256445","0.8823529411764706"
"sparkling-sweep-71","rl3tm5la","2025-01-29T02:35:38.000Z","273","finished","4.761195832576894","0.4","192","0.000047009558440708474","0.00003840767970500467","0.779","0.7762402969962875","0.49250652144352597","0.7501630789302022","0.809134287661895","0.8315714285714285","0.8314992139488352","0.3734991614307676","0.7894165535956581","0.8784313725490196"
"daily-sweep-70","rl3tm5la","2025-01-29T02:30:58.000Z","147","finished","4.079705298828872","0.6","256","0.0002502991061188471","0.000035473897972876535","0.783","0.7680798004987531","0.5628219470381737","0.7031963470319634","0.8663940013633266","0.8598571428571429","0.850480109739369","0.3204056551413877","0.757123473541384","0.9740573152337858"
"azure-sweep-69","rl3tm5la","2025-01-29T02:28:25.000Z","629","finished","7.593938925328001","0.5","128","0.00001601678390096814","0.000017332223096342374","0.778","0.7711340206185567","0.49724577864011127","0.7318982387475538","0.8261758691206544","0.8122857142857143","0.8087336244541484","0.4032596881900515","0.7538670284938942","0.8772247360482655"
"different-sweep-68","rl3tm5la","2025-01-29T02:17:47.000Z","929","finished","3.2266207018594093","0.6","320","0.000007640754024373103","0.00004298047773813051","0.7653333333333333","0.7565698478561549","0.49983155727386475","0.7136333985649054","0.8193592365371506","0.8187142857142857","0.8172259830044649","0.40076119878462385","0.7698778833107192","0.873001508295626"
"mild-sweep-67","rl3tm5la","2025-01-29T02:02:12.000Z","189","finished","8.451963200242606","0.6","192","0.00013292312248055496","0.0001754463875589253","0.7786666666666666","0.7700831024930748","0.5229752833644549","0.7253750815394651","0.8343558282208589","0.8658571428571429","0.8602054488610987","0.30261427589825224","0.7839891451831751","0.9568627450980393"
"unique-sweep-66","rl3tm5la","2025-01-29T01:58:58.000Z","395","finished","7.012690716620159","0.8","128","0.00004054206250879481","0.0002826370605082635","0.7743333333333333","0.7704306544591387","0.4978970338900884","0.741030658838878","0.809134287661895","0.8275714285714286","0.8248439994195327","0.37795785601649967","0.7712347354138399","0.8901960784313725"
"sleek-sweep-65","rl3tm5la","2025-01-29T01:52:17.000Z","358","finished","8.737065148712372","0.6","128","0.00003614846756762946","0.000043985287504186426","0.776","0.7712729748127978","0.4988427609205246","0.7390737116764514","0.814587593728698","0.8274285714285714","0.8243675487060191","0.3799336063010352","0.7693351424694709","0.8920060331825038"
"astral-sweep-64","rl3tm5la","2025-01-29T01:46:12.000Z","147","finished","6.192887524963005","0.6","256","0.0002773009148081277","0.00014687992264977192","0.787","0.7736450584484591","0.5680855835477511","0.7123287671232876","0.8650306748466258","0.8615714285714285","0.8523090992226795","0.31244112976959776","0.7587516960651289","0.975867269984917"
"effortless-sweep-63","rl3tm5la","2025-01-29T01:43:40.000Z","225","finished","4.388798022697661","0.4","256","0.000059913661481063006","0.000015540198606261788","0.7823333333333333","0.7733425893786879","0.509967731932799","0.7266797129810828","0.8404907975460123","0.8515714285714285","0.8468680913780398","0.3420870964016233","0.7796472184531886","0.9315233785822021"
"revived-sweep-62","rl3tm5la","2025-01-29T01:39:46.000Z","196","finished","8.96892980221136","0.4","192","0.00010475825818825204","0.00001163143021730023","0.781","0.7719541825754946","0.5075442319115003","0.7253750815394651","0.8391274710293115","0.8534285714285714","0.847457627118644","0.32695198378392626","0.7734056987788331","0.9423831070889894"
"celestial-sweep-61","rl3tm5la","2025-01-29T01:36:23.000Z","450","finished","7.405521381253472","0.8","192","0.00002949453675477951","0.00003213986872527077","0.7766666666666666","0.7717983651226158","0.48758141696453094","0.7390737116764514","0.8159509202453987","0.82","0.8173383589446216","0.3836687228509358","0.7649932157394844","0.8811463046757164"
"rural-sweep-60","rl3tm5la","2025-01-29T01:28:47.000Z","753","finished","7.799036162815806","0.4","320","0.000010818901409455254","0.0005033271717977499","0.7603333333333333","0.7474534597822269","0.49990852177143097","0.6940639269406392","0.8295841854124063","0.8184285714285714","0.8148579752367079","0.3982029291135924","0.759023066485753","0.8844645550527903"
"snowy-sweep-59","rl3tm5la","2025-01-29T01:16:08.000Z","261","finished","8.108795527833369","0.8","128","0.00008318126612125908","0.0006134984427643464","0.7823333333333333","0.7787190782785497","0.49749597162008286","0.7495107632093934","0.8166325835037491","0.8382857142857143","0.8345029239766082","0.36391391924449373","0.7744911804613297","0.9092006033182504"
"hearty-sweep-58","rl3tm5la","2025-01-29T01:11:40.000Z","1172","finished","7.14462013315745","0.4","320","0.000006057569993630009","0.0000943775306009092","0.7573333333333333","0.7459874389392882","0.5021786342064539","0.6973255055446836","0.820040899795501","0.8112857142857143","0.8078545454545455","0.4084987012403352","0.75359565807327","0.8754147812971342"
"driven-sweep-57","rl3tm5la","2025-01-29T00:52:00.000Z","674","finished","7.80492070352565","0.5","256","0.000010111759407971167","0.00008626851262952044","0.7726666666666666","0.7608695652173914","0.4937305400768916","0.7077625570776256","0.8404907975460123","0.8144285714285714","0.8101154801929542","0.4056422614625522","0.751967435549525","0.8838612368024132"
"blooming-sweep-56","rl3tm5la","2025-01-29T00:40:37.000Z","232","finished","4.752684117886812","0.5","256","0.000049790308606151595","0.00005617797149210645","0.7823333333333333","0.7714385719285964","0.5056578541795412","0.7188519243313763","0.8486707566462167","0.8447142857142858","0.8384603953039085","0.3518603486674173","0.7655359565807327","0.9327300150829563"
"woven-sweep-55","rl3tm5la","2025-01-29T00:36:38.000Z","234","finished","3.929143791756978","0.6","256","0.00005053203708397116","0.00008424929376105509","0.7803333333333333","0.7781891618983507","0.5094513818621635","0.7540769732550554","0.8077709611451943","0.851","0.8515302491103203","0.3473513764994485","0.8116689280868385","0.8947209653092006"
"glad-sweep-54","rl3tm5la","2025-01-29T00:32:38.000Z","676","finished","4.462145447310962","0.5","128","0.000014503372714170226","0.00006604644428413415","0.7806666666666666","0.7754266211604095","0.5007095585266749","0.741030658838878","0.8220858895705522","0.8145714285714286","0.8129682997118156","0.39838512028966633","0.7655359565807327","0.869079939668175"
"deep-sweep-53","rl3tm5la","2025-01-29T00:21:16.000Z","445","finished","7.69556583057676","0.5","192","0.000028971639585634245","0.00024455291820151004","0.7783333333333333","0.7743467933491687","0.48912149171034497","0.7442922374429224","0.8139059304703476","0.8274285714285714","0.8263868927852831","0.3779421608362879","0.7801899592944369","0.8799396681749623"
"lucky-sweep-52","rl3tm5la","2025-01-29T00:13:43.000Z","392","finished","8.780665868826754","0.4","320","0.000019870940537682907","0.00004344414200430841","0.7706666666666667","0.7622667588113338","0.49956630170345306","0.7195042400521853","0.8241308793456033","0.8335714285714285","0.8304961443328969","0.372407286294869","0.7744911804613297","0.8992458521870287"
"morning-sweep-51","rl3tm5la","2025-01-29T00:07:05.000Z","573","finished","7.433521084185502","0.6","320","0.000014574236672861805","0.00015293250416868268","0.7663333333333333","0.7570190641247834","0.4974928100903829","0.7123287671232876","0.8227675528289026","0.8238571428571428","0.8220008661758337","0.3858753485339029","0.7725915875169607","0.8808446455505279"
"quiet-sweep-50","rl3tm5la","2025-01-28T23:57:24.000Z","658","finished","5.360526778036115","0.8","192","0.000016619952344591996","0.0005241049547320515","0.7763333333333333","0.7713798977853492","0.4879780560731888","0.7384213959556425","0.8159509202453987","0.8278571428571428","0.8258418846654141","0.3677732114280973","0.7753052917232022","0.8862745098039215"
"proud-sweep-49","rl3tm5la","2025-01-28T23:46:20.000Z","159","finished","3.9232075771464494","0.8","256","0.00035896655678475074","0.0003086023475358603","0.7666666666666667","0.7856705450091855","0.6883108367522558","0.8369210697977821","0.6932515337423313","0.8984285714285715","0.9055400557991231","0.26810140694890705","0.9248303934871099","0.869079939668175"
"revived-sweep-48","rl3tm5la","2025-01-28T23:43:35.000Z","133","finished","3.414698440476796","0.8","192","0.0004161558096541722","0.00005606111228496152","0.7236666666666667","0.7753996206989976","0.8710346867640814","0.9334637964774951","0.5044308111792775","0.7847142857142857","0.8276729559748428","0.46083865421158926","0.982089552238806","0.5653092006033182"
"ruby-sweep-47","rl3tm5la","2025-01-28T23:41:17.000Z","287","finished","7.829403890669704","0.4","128","0.00005800675642892053","0.00006587651870385544","0.7803333333333333","0.7774400540357987","0.5001541003584862","0.7508153946510111","0.8111792774369462","0.835","0.8339324227174695","0.3697962409683636","0.7869742198100407","0.8883861236802413"
"volcanic-sweep-46","rl3tm5la","2025-01-28T23:36:22.000Z","284","finished","5.778493571833997","0.5","256","0.0000343971763881586","0.00017844554692106055","0.7823333333333333","0.7719175689835837","0.4938238511482875","0.720808871493803","0.8466257668711656","0.8337142857142857","0.8294755347201875","0.3782073152916772","0.7682496607869742","0.9064856711915535"
"polished-sweep-45","rl3tm5la","2025-01-28T23:31:29.000Z","252","finished","3.634608160793146","0.8","320","0.00006075527557513694","0.00002469429938166254","0.7783333333333333","0.7761696398519017","0.5119294921557108","0.7521200260926288","0.8057259713701431","0.8564285714285714","0.8566947098246115","0.33604041167667936","0.8151967435549525","0.902262443438914"
"legendary-sweep-44","rl3tm5la","2025-01-28T23:27:11.000Z","163","finished","8.022444626857645","0.5","256","0.000419528391399095","0.000021269161983541603","0.7126666666666667","0.6297250859106529","1.2789069215456645","0.4781474233529028","0.9577368779822768","0.7232857142857143","0.64360625574977","1.0143753375325884","0.4746268656716418","0.9996983408748115"
"classic-sweep-43","rl3tm5la","2025-01-28T23:24:23.000Z","774","finished","4.263325100577374","0.6","128","0.000011693451224834123","0.0007348162499011273","0.7686666666666667","0.7613480055020633","0.498882216711839","0.7221135029354208","0.8173142467620995","0.8077142857142857","0.8033888401986562","0.41808134956019266","0.746268656716418","0.8760180995475113"
"good-sweep-42","rl3tm5la","2025-01-28T23:11:22.000Z","142","finished","4.356357615830872","0.5","192","0.00028214097676130433","0.00001863909454505083","0.7813333333333333","0.7761092150170649","0.558143233259519","0.7416829745596869","0.8227675528289026","0.8885714285714286","0.8861313868613139","0.2669152787753514","0.8236092265943012","0.9607843137254902"
"vague-sweep-41","rl3tm5la","2025-01-28T23:08:54.000Z","327","finished","3.5126615032945847","0.8","192","0.00005749004307344141","0.0005214423929550471","0.7753333333333333","0.7719891745602165","0.49359502146641415","0.7442922374429224","0.8077709611451943","0.8282857142857143","0.8272492095429721","0.37257944473198484","0.7810040705563094","0.8808446455505279"
"lemon-sweep-40","rl3tm5la","2025-01-28T23:03:18.000Z","190","finished","3.532441895245303","0.8","192","0.000154667409561393","0.0000429865652934882","0.7756666666666666","0.7865524896923565","0.5742839425802231","0.8088714938030006","0.7409679618268575","0.8907142857142857","0.8967471993521393","0.2915210707911423","0.9014925373134328","0.8787330316742081"
"rose-sweep-39","rl3tm5la","2025-01-28T23:00:02.000Z","225","finished","8.877897954059403","0.8","192","0.00014495443765829262","0.0007891368856896834","0.7736666666666666","0.7834130781499202","0.5656703760226568","0.8010437051532941","0.7450579413769598","0.8821428571428571","0.8886789906895156","0.29990745335817337","0.8936227951153324","0.8693815987933635"
"colorful-sweep-38","rl3tm5la","2025-01-28T22:56:09.000Z","663","finished","6.42614514293195","0.5","256","0.000012442156824474248","0.000011858522395206076","0.775","0.765543591524835","0.4932502458492915","0.7188519243313763","0.8336741649625086","0.8164285714285714","0.813416581966023","0.4034706141267504","0.7601085481682497","0.8790346907993967"
"peachy-sweep-37","rl3tm5la","2025-01-28T22:44:57.000Z","191","finished","6.117412457227328","0.8","192","0.000119583660730308","0.00046952598604011305","0.7753333333333333","0.7824402840542285","0.5270530333121618","0.7906066536203522","0.7593728698023177","0.8674285714285714","0.8735005452562704","0.3209415078163147","0.8694708276797829","0.865158371040724"
"rare-sweep-36","rl3tm5la","2025-01-28T22:41:38.000Z","161","finished","5.274963845070096","0.6","192","0.0001905354026603995","0.0005283520314996703","0.7793333333333333","0.7731322823851954","0.5046533569693565","0.735812133072407","0.8248125426039536","0.8512857142857143","0.8480957245002189","0.3295198210648128","0.7886024423337856","0.9209653092006033"
"twilight-sweep-35","rl3tm5la","2025-01-28T22:38:52.000Z","1404","finished","4.874453339626524","0.5","128","0.00000596901254905931","0.00005065989489706559","0.776","0.7674740484429066","0.4976571624477704","0.7234181343770385","0.830947511929107","0.8095714285714286","0.8050884632256178","0.41509356988327845","0.7470827679782903","0.8790346907993967"
"pious-sweep-34","rl3tm5la","2025-01-28T22:15:20.000Z","741","finished","3.94965566875506","0.5","192","0.000012244819988217172","0.0006378391142624787","0.7803333333333333","0.7751620607301263","0.48847273737192154","0.741030658838878","0.8214042263122018","0.8284285714285714","0.8263195950831526","0.3746899536677769","0.7753052917232022","0.8874811463046757"
"different-sweep-33","rl3tm5la","2025-01-28T22:02:53.000Z","153","finished","4.819808028110488","0.5","256","0.0002879031597797805","0.000022014076636251666","0.764","0.7833537331701347","0.6365046625336012","0.8349641226353555","0.6898432174505794","0.8841428571428571","0.893331579639616","0.3013097457587719","0.92157394843962","0.8425339366515837"
"quiet-sweep-32","rl3tm5la","2025-01-28T22:00:14.000Z","1440","finished","8.779656284509265","0.8","128","0.000007448060033144644","0.0006744491316487074","0.7766666666666666","0.7691247415575465","0.4940439835190773","0.7279843444227005","0.8275391956373551","0.8104285714285714","0.8055677655677655","0.40952576271125246","0.7459972862957938","0.882051282051282"
"sparkling-sweep-31","rl3tm5la","2025-01-28T21:36:09.000Z","210","finished","5.870926318307011","0.6","320","0.00009115815975922824","0.00030254963088103664","0.7716666666666666","0.7646856750257643","0.5203383217255274","0.726027397260274","0.8193592365371506","0.8622857142857143","0.8588992974238876","0.3197094665041992","0.7962008141112619","0.9357466063348416"
"different-sweep-30","rl3tm5la","2025-01-28T21:32:32.000Z","352","finished","8.404669709051623","0.5","256","0.000029514859530656613","0.0006003502209163409","0.779","0.7717728055077453","0.49359000474214554","0.731245923026745","0.8289025221540559","0.83","0.8274862278921427","0.3852131792477199","0.7744911804613297","0.8917043740573153"
"azure-sweep-29","rl3tm5la","2025-01-28T21:26:31.000Z","981","finished","3.485219918424982","0.8","256","0.000008745914051393294","0.0004976537364932784","0.776","0.7656903765690377","0.49581045905749005","0.7162426614481409","0.8384458077709611","0.8157142857142857","0.8128807658833769","0.4089427632944925","0.7603799185888738","0.8772247360482655"
"desert-sweep-28","rl3tm5la","2025-01-28T21:10:04.000Z","384","finished","8.688390623320137","0.5","320","0.000025378186929495496","0.00006621102491222612","0.77","0.760914760914761","0.49714968353509903","0.7162426614481409","0.8261758691206544","0.8244285714285714","0.8220645721731576","0.38559180178812574","0.7704206241519674","0.8844645550527903"
"ethereal-sweep-27","rl3tm5la","2025-01-28T21:03:31.000Z","175","finished","8.105851573941681","0.8","192","0.0002988928857945049","0.00017277908906530797","0.7806666666666666","0.7797858099062919","0.5633231922984123","0.7599478147423353","0.8023176550783913","0.8991428571428571","0.8995732574679943","0.26203143915959765","0.8580732700135685","0.9447963800904977"
"silver-sweep-26","rl3tm5la","2025-01-28T21:00:30.000Z","809","finished","7.889143743238901","0.4","128","0.000011891445923173953","0.00013512606558289085","0.7793333333333333","0.7725085910652921","0.4973706503709157","0.7332028701891715","0.8275391956373551","0.8141428571428572","0.8105983403697773","0.40147434920072556","0.755495251017639","0.8793363499245852"
"dark-sweep-25","rl3tm5la","2025-01-28T20:46:53.000Z","166","finished","4.367192119942514","0.4","256","0.0002175332019403456","0.00018618575132325508","0.7763333333333333","0.7790582811985513","0.5485695997873942","0.771689497716895","0.7811860940695297","0.877","0.8796981975688137","0.30810012349060606","0.8542740841248304","0.902262443438914"
"woven-sweep-24","rl3tm5la","2025-01-28T20:43:59.000Z","335","finished","3.773469748153447","0.8","256","0.00003518071453165158","0.000030440494077443932","0.7836666666666666","0.7726795096322242","0.4927648852268855","0.7195042400521853","0.8507157464212679","0.8337142857142857","0.8274021352313167","0.3774636260100773","0.757123473541384","0.9188536953242835"
"vocal-sweep-23","rl3tm5la","2025-01-28T20:38:16.000Z","229","finished","3.791224392315761","0.8","128","0.00017184985494153628","0.00008801044773839728","0.775","0.7802018886356236","0.5205716192722321","0.781474233529028","0.7682344921608726","0.8568571428571429","0.8584345860412546","0.3256567365356854","0.8244233378561737","0.8929110105580694"
"fast-sweep-22","rl3tm5la","2025-01-28T20:34:18.000Z","267","finished","5.265749111588322","0.5","320","0.0000624597135246716","0.00014678120072046248","0.7733333333333333","0.7699594046008119","0.5137196456392606","0.7423352902804957","0.8057259713701431","0.8577142857142858","0.8580387685290763","0.3317268065043858","0.8168249660786974","0.9031674208144796"
"faithful-sweep-21","rl3tm5la","2025-01-28T20:29:42.000Z","166","finished","8.092150848432972","0.6","256","0.0003294872378203394","0.00003233400863531781","0.7723333333333333","0.779463997416855","0.5938749238848686","0.7873450750163079","0.7566462167689162","0.8912857142857142","0.8947295614884493","0.2746002839079925","0.8776119402985074","0.9064856711915535"
"amber-sweep-20","rl3tm5la","2025-01-28T20:26:49.000Z","1132","finished","4.769619804331667","0.8","128","0.000010021188142227786","0.0001729819779325641","0.7783333333333333","0.7717130106419499","0.49341945846875507","0.7332028701891715","0.825494205862304","0.8115714285714286","0.8079219455366244","0.40770457684993744","0.7527815468113975","0.8769230769230769"
"sandy-sweep-19","rl3tm5la","2025-01-28T20:07:49.000Z","1162","finished","5.010021425540934","0.8","128","0.00000969244680784559","0.0000171900365162526","0.779","0.7717728055077453","0.4928973043958346","0.731245923026745","0.8289025221540559","0.8172857142857143","0.8122155336954926","0.4007263428398541","0.7506105834464043","0.8914027149321267"
"true-sweep-18","rl3tm5la","2025-01-28T19:48:21.000Z","163","finished","6.400919209498875","0.8","128","0.00026094417195368733","0.000015793667541009255","0.775","0.7588424437299035","0.535850336154302","0.6927592954990215","0.8609406952965235","0.8421428571428572","0.827962011521096","0.34849253935473307","0.7215739484396201","0.9761689291101056"
"young-sweep-17","rl3tm5la","2025-01-28T19:45:28.000Z","173","finished","3.429719766015515","0.6","320","0.0001872893297486581","0.00009889515254352968","0.7666666666666667","0.7456395348837209","0.5655355254809061","0.6692759295499021","0.8684389911383776","0.8485714285714285","0.8361162646876933","0.3349052848560469","0.7337856173677069","0.9761689291101056"
"avid-sweep-16","rl3tm5la","2025-01-28T19:42:29.000Z","220","finished","3.1108145877388007","0.6","256","0.00007618775762344421","0.0002559341424630072","0.7816666666666666","0.7795355099293168","0.515891561905543","0.7553816046966731","0.809134287661895","0.8628571428571429","0.8629354654483152","0.3271042917455946","0.8200814111261873","0.9104072398190045"
"generous-sweep-15","rl3tm5la","2025-01-28T19:38:39.000Z","418","finished","7.691963012144083","0.4","128","0.00002823732807785934","0.000014197133269097372","0.7796666666666666","0.7744796997611737","0.4994613751769066","0.7403783431180692","0.8207225630538514","0.82","0.8174971031286211","0.39313257592064993","0.7658073270013569","0.8802413273001508"
"fearless-sweep-14","rl3tm5la","2025-01-28T19:31:33.000Z","921","finished","3.363353994306266","0.6","128","0.00001036793292289874","0.00007725609626524165","0.7593333333333333","0.7503457814661134","0.5059931750098864","0.7077625570776256","0.8132242672119973","0.7987142857142857","0.7943966146213337","0.4407075473240444","0.7386702849389416","0.8654600301659126"
"wild-sweep-13","rl3tm5la","2025-01-28T19:16:06.000Z","1213","finished","6.417209390106199","0.8","256","0.000006147383467400512","0.0005950155404868562","0.7756666666666666","0.7659130434782608","0.4950018549958865","0.7181996086105675","0.8357191547375596","0.8222857142857143","0.8192385934321418","0.3960207338844027","0.7649932157394844","0.885972850678733"
"divine-sweep-12","rl3tm5la","2025-01-28T18:55:45.000Z","960","finished","5.9241955785615374","0.5","256","0.00000682674686476815","0.0005759179545387245","0.775","0.7650539505743126","0.4937034969528516","0.7168949771689498","0.8357191547375596","0.82","0.8172323759791122","0.4000263512134552","0.7644504748982361","0.8817496229260935"
"worldly-sweep-11","rl3tm5la","2025-01-28T18:39:37.000Z","157","finished","6.793039523590098","0.5","320","0.0003550479121752987","0.0007315048069149399","0.5096666666666667","0.6701054047992824","1.0590564558903377","0.974559686888454","0.023858214042263123","0.5397142857142857","0.6955782312925171","0.6641488139118467","0.9989145183175034","0.029260935143288085"
"sleek-sweep-10","rl3tm5la","2025-01-28T18:36:52.000Z","381","finished","8.026046048711917","0.8","128","0.00004873162268634254","0.00022269512418277671","0.781","0.7776649746192893","0.49626217285792035","0.7495107632093934","0.8139059304703476","0.8298571428571428","0.8273162244454111","0.375481835433415","0.7742198100407056","0.8917043740573153"
"splendid-sweep-9","rl3tm5la","2025-01-28T18:30:25.000Z","169","finished","5.9373171247847765","0.6","128","0.00020413920200515793","0.00006782256059711207","0.7836666666666666","0.7881162259222984","0.5377961446841558","0.7873450750163079","0.7798227675528289","0.8778571428571429","0.8801681850035038","0.29040884918400217","0.8521031207598372","0.9064856711915535"
"serene-sweep-8","rl3tm5la","2025-01-28T18:27:28.000Z","136","finished","8.704646800155224","0.4","128","0.00028532681624889066","0.000048433511099313915","0.784","0.771347918136909","0.5265038510163625","0.7129810828440966","0.858214042263122","0.868","0.8607594936708861","0.30580809712409973","0.775033921302578","0.971342383107089"
"helpful-sweep-7","rl3tm5la","2025-01-28T18:25:04.000Z","161","finished","6.9323940357493745","0.8","128","0.00019237273162546828","0.000694704429192322","0.7596666666666667","0.7904678872420808","0.6165335526069006","0.8871493803000652","0.6264485344239945","0.836","0.8556338028169014","0.37978679899658474","0.923202170963365","0.7390648567119156"
"zesty-sweep-6","rl3tm5la","2025-01-28T18:22:18.000Z","164","finished","4.78769922145205","0.5","320","0.00023244698628372863","0.0000982969863788167","0.7373333333333333","0.782560706401766","0.7915594726800919","0.9249836921069797","0.5412406271301977","0.8007142857142857","0.8384107494497857","0.4466482400894165","0.982089552238806","0.5990950226244344"
"worldly-sweep-5","rl3tm5la","2025-01-28T18:17:42.000Z","575","finished","7.806763320150211","0.4","256","0.000010781410439574875","0.00010499527602441367","0.765","0.7470398277717977","0.5092934966087341","0.6790606653620352","0.8548057259713702","0.7855714285714286","0.7770019313623533","0.4703293102128165","0.7096336499321574","0.8699849170437406"
"desert-sweep-4","rl3tm5la","2025-01-28T18:07:59.000Z","868","finished","5.458381184980166","0.6","256","0.000005212797111434647","0.00004785565834979601","0.7493333333333333","0.7318116975748931","0.5348422850171725","0.6692759295499021","0.8329925017041582","0.7672857142857142","0.7566113850291349","0.5159325163279261","0.6871099050203527","0.8564102564102564"
"feasible-sweep-3","rl3tm5la","2025-01-28T17:53:22.000Z","238","finished","3.5579994957878","0.5","320","0.000104030694672723","0.000028107998764792527","0.7716666666666666","0.7638745260255084","0.499397411942482","0.7227658186562296","0.8227675528289026","0.8304285714285714","0.8289871776401095","0.37657150626182556","0.7807327001356852","0.8856711915535445"
"fancy-sweep-2","rl3tm5la","2025-01-28T17:39:51.000Z","181","finished","8.876065987286095","0.8","320","0.00046509154697826167","0.00012498790320847832","0.7833333333333333","0.78231748158071","0.5793032000462214","0.7619047619047619","0.8057259713701431","0.8838571428571429","0.8840062776430304","0.2745655546230929","0.8407055630936228","0.9318250377073907"
"rural-sweep-2","rl3tm5la","2025-01-28T17:36:41.000Z","150","finished","3.931095918340821","0.4","192","0.0002845590382509143","0.0008733522475864001","0.7786666666666666","0.7758271438217421","0.5189114461342493","0.7495107632093934","0.809134287661895","0.8657142857142858","0.8653295128939829","0.3162233041865485","0.819538670284939","0.9170437405731523"
"robust-sweep-85","y0a18l3k","2025-01-28T16:44:57.000Z","908","finished","4.131767142871842","0.6","128","0.000009446400154998718","0.0007100817202582977","0.7766666666666666","0.7765176784523016","0.5061526472369829","0.7592954990215264","0.7948193592365371","0.8187142857142857","0.8200765631646108","0.39799983160836355","0.7848032564450474","0.8564102564102564"
"fast-sweep-84","y0a18l3k","2025-01-28T16:29:43.000Z","472","finished","8.491445372518774","0.5","128","0.00001888123180637094","0.0001905715191771437","0.781","0.7779655288948969","0.5019970263044039","0.7508153946510111","0.8125426039536469","0.8251428571428572","0.8245915735167669","0.38434785710913794","0.7807327001356852","0.8745098039215686"
"amber-sweep-83","y0a18l3k","2025-01-28T16:21:40.000Z","2342","finished","6.091261083858667","0.5","256","0.0000023014765384120546","0.00025467385005157207","0.7756666666666666","0.766562608394034","0.49412373701731366","0.720808871493803","0.8329925017041582","0.8214285714285714","0.8191027496382055","0.3979318216443062","0.76797829036635","0.8808446455505279"
"confused-sweep-82","y0a18l3k","2025-01-28T15:42:28.000Z","105","finished","3.063544932100786","0.5","128","0.0006842421417721956","0.000032380919096319104","0.6413333333333333","0.4646766169154229","2.079715540011724","0.30463144161774297","0.9931833674164963","0.606","0.4019947961838682","2.0418717903750285","0.2515603799185889","1"
"lyric-sweep-81","y0a18l3k","2025-01-28T15:40:35.000Z","69","finished","4.0924467191284855","0.8","192","0.0020640006182564997","0.000018106450190032892","0.489","0","13.37556529045105","0","1","0.47385714285714287","0.0010848928668294006","13.441536801201957","0.000542740841248304","1"
"usual-sweep-80","y0a18l3k","2025-01-28T15:39:16.000Z","1467","finished","5.0714462878156485","0.4","192","0.00000488885865716777","0.00002285717677426414","0.777","0.7725263515810948","0.48810699085394543","0.741030658838878","0.814587593728698","0.828","0.8270114942528736","0.37718529467071804","0.7810040705563094","0.8802413273001508"
"fast-sweep-79","y0a18l3k","2025-01-28T15:14:42.000Z","65","finished","6.534983912191006","0.6","128","0.0029858096811702607","0.0003930016394965005","0.7613333333333333","0.7453769559032717","0.5869359945257505","0.6836268754076973","0.8425357873210634","0.8648571428571429","0.8548189073050951","0.3055513543742044","0.7557666214382632","0.9861236802413273"
"proud-sweep-78","y0a18l3k","2025-01-28T15:13:28.000Z","119","finished","8.381670857712347","0.4","320","0.00013066179257705598","0.00008978644038095315","0.511","0.6763732627399074","2.8480411171913147","1","0","0.5264285714285715","0.6897519887693028","2.560680772577013","1","0"
"pleasant-sweep-77","y0a18l3k","2025-01-28T15:11:24.000Z","405","finished","6.231222826000215","0.5","320","0.000016909536864752615","0.00008504947312550987","0.7556666666666667","0.722243273967412","0.5224322925011317","0.6216568819308546","0.8957055214723927","0.8054285714285714","0.7837408701174976","0.40968708800418036","0.669742198100407","0.9562594268476622"
"stellar-sweep-76","y0a18l3k","2025-01-28T15:04:31.000Z","1248","finished","7.56968504531665","0.4","256","0.000004046848807649935","0.000015903852031092483","0.7563333333333333","0.7675675675675676","0.5150327036778132","0.7873450750163079","0.7239263803680982","0.8341428571428572","0.843298690781482","0.41600804243768963","0.8477611940298507","0.8190045248868778"
"rose-sweep-75","y0a18l3k","2025-01-28T14:43:36.000Z","91","finished","7.192469126299476","0.8","256","0.004047634814614302","0.0002510535984101502","0.7146666666666667","0.6412405699916177","1.0987813224395115","0.49902152641878667","0.940013633265167","0.7155714285714285","0.6301318967118708","0.8948953918048314","0.46024423337856174","0.9993966817496228"
"glamorous-sweep-74","y0a18l3k","2025-01-28T14:41:56.000Z","351","finished","7.942781243932677","0.8","256","0.00002556947579139721","0.000012775851989959291","0.7406666666666667","0.7695497630331753","0.5684038152297338","0.8473581213307241","0.6291751874573961","0.831","0.8503100088573959","0.411420855138983","0.9118046132971506","0.7411764705882353"
"stoic-sweep-73","y0a18l3k","2025-01-28T14:35:59.000Z","322","finished","8.953285960961168","0.5","128","0.00003287956236388459","0.00001180433399432073","0.7803333333333333","0.7862471618553357","0.5172975212335587","0.7906066536203522","0.7695978186775733","0.8382857142857143","0.8423837371205792","0.3741514299597059","0.8208955223880597","0.8576168929110105"
"polished-sweep-72","y0a18l3k","2025-01-28T14:30:28.000Z","1144","finished","5.534941802301305","0.4","128","0.000007428031119536335","0.00012137333829702304","0.777","0.7658382919145957","0.4934699237346649","0.7136333985649054","0.8432174505794138","0.821","0.8126215044115448","0.394747545676572","0.7373134328358208","0.9140271493212668"
"hopeful-sweep-71","y0a18l3k","2025-01-28T14:11:16.000Z","110","finished","3.7497531320777617","0.4","320","0.00033068659611088495","0.000522802649690131","0.6923333333333334","0.5967671472258628","1.008690670132637","0.4455316373124592","0.9502385821404228","0.715","0.6292510685746144","0.8016688440527234","0.45943012211668927","0.9990950226244344"
"cool-sweep-70","y0a18l3k","2025-01-28T14:09:19.000Z","3411","finished","3.1653463276244063","0.8","256","0.0000018195832554266776","0.00009966714443639175","0.774","0.7662068965517241","0.4986712361375491","0.7247227658186562","0.825494205862304","0.8154285714285714","0.8147935779816514","0.4170702429754393","0.7712347354138399","0.864555052790347"
"snowy-sweep-69","y0a18l3k","2025-01-28T13:12:21.000Z","81","finished","3.7507827227964174","0.8","192","0.0030789169588879835","0.00005695867659242246","0.511","0.6763732627399074","33.6233491897583","1","0","0.5264285714285715","0.6897519887693028","32.028847558157786","1","0"
"jumping-sweep-68","y0a18l3k","2025-01-28T13:10:54.000Z","142","finished","3.01580370699864","0.5","256","0.00006084092662369338","0.00003915906973814248","0.7746666666666666","0.7777777777777778","0.5157465785741806","0.771689497716895","0.7777777777777778","0.8481428571428572","0.8529126885291269","0.36596240741865976","0.8363636363636363","0.861236802413273"
"peach-sweep-67","y0a18l3k","2025-01-28T13:08:27.000Z","77","finished","4.683208215796448","0.6","192","0.0012393292909793378","0.00013621821306394386","0.5976666666666667","0.35281501340482574","2.7385194500287375","0.2146118721461187","0.9979550102249488","0.5725714285714286","0.3165829145728643","2.5701424394335066","0.1880597014925373","1"
"toasty-sweep-66","y0a18l3k","2025-01-28T13:07:00.000Z","73","finished","3.0206177307487283","0.5","256","0.0013550256007191243","0.00006354281859875059","0.7253333333333334","0.7684092186621697","0.7011413474877676","0.8917155903457273","0.5514655760054533","0.8068571428571428","0.8412772951397042","0.41734845084803446","0.9723202170963364","0.6229260935143288"
"northern-sweep-65","y0a18l3k","2025-01-28T13:05:40.000Z","579","finished","8.449544023847587","0.4","192","0.000012067541650967003","0.000044382458260824615","0.7656666666666667","0.7358136039083052","0.5100240409374237","0.6386170906718852","0.8984321745057942","0.795","0.7688838782412627","0.4127832608563559","0.6477611940298508","0.9586726998491704"
"smooth-sweep-64","y0a18l3k","2025-01-28T12:55:55.000Z","1199","finished","3.484784200465202","0.6","256","0.0000044592277509358915","0.00008698965976908931","0.772","0.7598314606741573","0.4939306701223056","0.7058056099151989","0.8411724608043627","0.818","0.8131964809384165","0.4031503934945379","0.7525101763907734","0.8907993966817497"
"dainty-sweep-63","y0a18l3k","2025-01-28T12:35:48.000Z","161","finished","4.336305134705533","0.8","320","0.00008896648064854577","0.0000625323468126758","0.73","0.6672144617912901","0.6930126597483953","0.5296803652968036","0.9393319700068168","0.7424285714285714","0.6787814003206841","0.5651254441056933","0.5169606512890095","0.9930618401206636"
"vital-sweep-62","y0a18l3k","2025-01-28T12:32:59.000Z","90","finished","8.017013803057724","0.4","256","0.0001610262498777517","0.00015697103419387242","0.682","0.5635864592863677","1.0151291241248448","0.4018264840182648","0.974778459441036","0.6742857142857143","0.5529411764705883","0.933351388999394","0.38263229308005425","0.9984917043740572"
"earnest-sweep-61","y0a18l3k","2025-01-28T12:31:23.000Z","2469","finished","3.701696912136538","0.4","128","0.000003340173018828172","0.000016688538457993705","0.778","0.7649964714184898","0.4909177770217259","0.7071102413568167","0.8520790729379687","0.819","0.8100734522560336","0.39742881591830936","0.7332428765264586","0.9143288084464556"
"bright-sweep-60","y0a18l3k","2025-01-28T11:50:03.000Z","192","finished","4.87175342684311","0.8","256","0.00006002468533984679","0.00005476307571506788","0.781","0.7803410230692076","0.5132176503539085","0.761252446183953","0.8016359918200409","0.8602857142857143","0.8610400682011935","0.33677134343556","0.8222523744911805","0.9025641025641026"
"dashing-sweep-59","y0a18l3k","2025-01-28T11:46:45.000Z","204","finished","3.8388011842789664","0.4","192","0.0000494577727609241","0.00005024192359173425","0.532","0.6766467065868264","0.7549203981955847","0.9582517938682322","0.08657123381049761","0.5584285714285714","0.7026455026455026","0.5653586877243859","0.991044776119403","0.077526395173454"
"pious-sweep-58","y0a18l3k","2025-01-28T11:43:14.000Z","96","finished","7.726201750878666","0.8","320","0.0002483383494315836","0.0000687573716451005","0.7703333333333333","0.7471559633027522","0.5242133736610413","0.6640574037834311","0.8813905930470347","0.8472857142857143","0.8357153834332257","0.34687033934252604","0.7378561736770692","0.9689291101055808"
"young-sweep-57","y0a18l3k","2025-01-28T11:41:32.000Z","235","finished","8.35579057381738","0.5","192","0.000037520206139833474","0.00015104060247810245","0.7513333333333333","0.7747584541062802","0.5486384828885397","0.8369210697977821","0.6618950238582141","0.8414285714285714","0.8564407656492499","0.3974467547876494","0.8985074626865671","0.7779788838612368"
"dainty-sweep-56","y0a18l3k","2025-01-28T11:37:31.000Z","378","finished","3.4627208262989173","0.4","256","0.000014695913821290911","0.000014139805430589616","0.7783333333333333","0.7732696897374701","0.4968910713990529","0.7397260273972602","0.8186775732788003","0.8282857142857143","0.8294551645856981","0.3879397458263806","0.7932157394843962","0.8672699849170438"
"easy-sweep-55","y0a18l3k","2025-01-28T11:31:06.000Z","147","finished","4.322229870526885","0.5","320","0.00006480109864161775","0.00016033762091565576","0.511","0.6763732627399074","1.3609769642353058","1","0","0.5264285714285715","0.6897519887693028","1.1649926475116186","1","0"
"bumbling-sweep-54","y0a18l3k","2025-01-28T11:28:31.000Z","530","finished","7.710872232239083","0.6","192","0.00001543397649813982","0.00013246087862190696","0.757","0.768791627021884","0.5152752349774042","0.7906066536203522","0.721881390593047","0.8405714285714285","0.8503218884120172","0.3831828332373074","0.8602442333785617","0.8187028657616893"
"easy-sweep-53","y0a18l3k","2025-01-28T11:19:31.000Z","442","finished","4.703620729677165","0.5","256","0.000013412417185847008","0.000050975099138903066","0.7616666666666667","0.7688328483672809","0.5122249945998192","0.7756033920417482","0.7471029311520109","0.8325714285714285","0.8404139433551199","0.39822595353637424","0.837449118046133","0.8271493212669683"
"clean-sweep-52","y0a18l3k","2025-01-28T11:12:03.000Z","470","finished","8.068344755760794","0.5","320","0.000012929590297356832","0.0002937060274689325","0.769","0.7640449438202247","0.5015692661205927","0.7318982387475538","0.8077709611451943","0.8262857142857143","0.8264840182648402","0.38393991334097727","0.7858887381275441","0.8711915535444947"
"glowing-sweep-51","y0a18l3k","2025-01-28T11:04:04.000Z","73","finished","6.053370897273142","0.5","128","0.0010926164849883854","0.00002368239054334321","0.5166666666666667","0.6729815065403699","1.0200261423985164","0.9732550554468362","0.03953646898432175","0.5384285714285715","0.6950448324681453","0.6842734834977559","0.9991858887381276","0.026244343891402715"
"solar-sweep-50","y0a18l3k","2025-01-28T11:02:44.000Z","3724","finished","4.5220829089234424","0.8","192","0.000001243714612167664","0.000015502117955797607","0.7493333333333333","0.732574679943101","0.5376940270264944","0.6718851924331376","0.8302658486707567","0.7708571428571429","0.7608825283243887","0.5060462366257396","0.6925373134328359","0.857918552036199"
"clear-sweep-49","y0a18l3k","2025-01-28T10:00:32.000Z","69","finished","5.3809848538844935","0.8","192","0.0010736923601096537","0.000013621932285799672","0.511","0.6763732627399074","11.458112398783364","1","0","0.5264285714285715","0.6897519887693028","10.755753755569458","1","0"
"generous-sweep-48","y0a18l3k","2025-01-28T09:59:14.000Z","3470","finished","3.9241256611782473","0.5","128","0.0000010529226846368204","0.0001606848802155073","0.7386666666666667","0.723943661971831","0.566711371143659","0.6705805609915199","0.8098159509202454","0.7534285714285714","0.7397466827503015","0.5585077362401145","0.6656716417910448","0.8509803921568627"
"generous-sweep-47","y0a18l3k","2025-01-28T09:01:14.000Z","2806","finished","7.841203448608641","0.8","320","0.0000022255801387573636","0.00006402349966139377","0.761","0.7442026400285409","0.49803782006104785","0.680365296803653","0.8452624403544649","0.8132857142857143","0.8060543107285948","0.3987510661993708","0.7370420624151968","0.8980392156862745"
"hopeful-sweep-46","y0a18l3k","2025-01-28T08:14:22.000Z","112","finished","5.426909441737267","0.6","128","0.0001952545717622709","0.0001859392341481894","0.767","0.742730953257269","0.5394328584273657","0.6581865622961514","0.8807089297886844","0.819","0.796007084205442","0.38982538133859634","0.6708276797829037","0.983710407239819"
"comfy-sweep-45","y0a18l3k","2025-01-28T08:12:22.000Z","90","finished","4.057040273371214","0.6","320","0.004689823364336515","0.0004236234144604302","0.5616666666666666","0.24985738733599544","3.640732944011688","0.14285714285714285","0.9993183367416496","0.5342857142857143","0.20681265206812652","3.6062694787979126","0.1153324287652646","1"
"robust-sweep-44","y0a18l3k","2025-01-28T08:10:46.000Z","76","finished","7.49900125792362","0.6","256","0.0030523678392666894","0.00040072718415888506","0.489","0","12.089522043863932","0","1","0.4735714285714286","0","12.33169528416225","0","1"
"confused-sweep-43","y0a18l3k","2025-01-28T08:09:21.000Z","78","finished","7.451152682124734","0.8","256","0.000718989937687204","0.0008403718608928541","0.7766666666666666","0.7834518422753717","0.5952686940630277","0.7906066536203522","0.7620995228357191","0.8967142857142857","0.9010266940451744","0.27236292724098476","0.8930800542740841","0.9007541478129714"
"eager-sweep-42","y0a18l3k","2025-01-28T08:07:58.000Z","139","finished","4.332541304780899","0.6","256","0.0001187242548143816","0.0009779127092330506","0.511","0.6763732627399074","2.0514068802197776","1","0","0.5264285714285715","0.6897519887693028","1.7225677158151351","1","0"
"azure-sweep-41","y0a18l3k","2025-01-28T08:05:34.000Z","333","finished","6.098978171109432","0.4","128","0.000028992376430903128","0.000019447506055495924","0.5163333333333333","0.675754189944134","0.8014118274052938","0.9863013698630136","0.025221540558963872","0.5451428571428572","0.6975109253277598","0.6152541616133281","0.9962008141112618","0.043740573152337855"
"lunar-sweep-40","y0a18l3k","2025-01-28T07:59:55.000Z","619","finished","7.579096305620074","0.6","256","0.000007910763296107288","0.00032462317398716984","0.7616666666666667","0.7630096121975473","0.508359024922053","0.7508153946510111","0.7730061349693251","0.8195714285714286","0.8250450200858844","0.4275436805827277","0.8081411126187246","0.8322775263951735"
"major-sweep-39","y0a18l3k","2025-01-28T07:49:27.000Z","104","finished","6.169403514209525","0.4","192","0.00020073198137992505","0.000028295997885173672","0.7463333333333333","0.703544994156603","0.6675999015569687","0.589041095890411","0.9107021131561008","0.7931428571428571","0.7570469798657719","0.4658215780343328","0.6122116689280869","0.9942684766214178"
"copper-sweep-38","y0a18l3k","2025-01-28T07:47:37.000Z","102","finished","8.504068101453552","0.6","320","0.0012506416452229688","0.00010315838964789663","0.5203333333333333","0.11555009219422248","5.62825345993042","0.06131767775603392","1","0.5031428571428571","0.10637204522096608","5.465349946703229","0.05617367706919946","1"
"volcanic-sweep-37","y0a18l3k","2025-01-28T07:45:46.000Z","99","finished","5.6572078903273155","0.6","320","0.00018287964292643705","0.000060804924694442046","0.566","0.2619047619047619","2.505664567152659","0.1506849315068493","1","0.5307142857142857","0.19583843329253367","2.5357546380587985","0.1085481682496608","1"
"vibrant-sweep-36","y0a18l3k","2025-01-28T07:44:02.000Z","2168","finished","5.1717874753919","0.6","128","0.000004273975713729225","0.0001243455321546911","0.7806666666666666","0.7727900552486188","0.49090780814488727","0.7299412915851272","0.8336741649625086","0.8234285714285714","0.8188214599824098","0.3902987177882875","0.7579375848032565","0.8962292609351433"
"eager-sweep-35","y0a18l3k","2025-01-28T07:07:48.000Z","302","finished","6.134965479246121","0.4","256","0.000018873883950977204","0.0003350313209273193","0.7676666666666667","0.7453416149068323","0.4966270327568054","0.6653620352250489","0.874573960463531","0.8125714285714286","0.7959564541213063","0.403408126107284","0.6944369063772049","0.943891402714932"
"revived-sweep-34","y0a18l3k","2025-01-28T07:02:38.000Z","908","finished","4.308600098857595","0.8","256","0.0000075819928560028815","0.00009345708354004192","0.767","0.7695351137487636","0.5111064538359642","0.761252446183953","0.7730061349693251","0.8315714285714285","0.8385594960974941","0.4052776949746268","0.8309362279511533","0.8322775263951735"
"wise-sweep-33","y0a18l3k","2025-01-28T06:47:21.000Z","135","finished","7.0645495938351415","0.5","256","0.00009404285986761326","0.000025774487941405157","0.7343333333333333","0.7719599427753934","0.6386840542157491","0.8799739073711677","0.5821404226312201","0.8234285714285714","0.8499635833940277","0.4190500218953405","0.950067842605156","0.6826546003016591"
"fresh-sweep-32","y0a18l3k","2025-01-28T06:44:57.000Z","73","finished","3.868760410136204","0.8","256","0.0008245305090804101","0.000013748070636846222","0.511","0.6763732627399074","7.070583025614421","1","0","0.5264285714285715","0.6897519887693028","6.501980560166495","1","0"
"restful-sweep-31","y0a18l3k","2025-01-28T06:43:37.000Z","2374","finished","8.680294281201782","0.4","128","0.0000035408486767627015","0.00003193143432173023","0.7826666666666666","0.7792823290453622","0.49561697989702225","0.7508153946510111","0.8159509202453987","0.8175714285714286","0.8168650509106554","0.394181849701064","0.7728629579375847","0.8672699849170438"
"deep-sweep-30","y0a18l3k","2025-01-28T06:03:57.000Z","102","finished","5.931669774777047","0.4","256","0.00015716271869334314","0.00038304475837681304","0.7803333333333333","0.7795249247239879","0.5372700889905294","0.7599478147423353","0.8016359918200409","0.8717142857142857","0.872079772079772","0.30995122875486103","0.8306648575305292","0.9173453996983408"
"radiant-sweep-29","y0a18l3k","2025-01-28T06:02:08.000Z","1985","finished","3.6577900680767343","0.5","320","0.0000024369224976729106","0.00014696080826858427","0.758","0.7465083798882681","0.5012821679313978","0.6973255055446836","0.8214042263122018","0.8154285714285714","0.8119359534206696","0.402995082948889","0.7568521031207598","0.8805429864253393"
"visionary-sweep-28","y0a18l3k","2025-01-28T05:28:54.000Z","401","finished","3.9023729166747767","0.6","192","0.000020888015936348853","0.0001371595231918668","0.7316666666666667","0.7698026880183014","0.5977595200141271","0.878016960208741","0.5787321063394683","0.8135714285714286","0.8419139915202908","0.4431893208197185","0.943012211668928","0.669683257918552"
"stoic-sweep-27","y0a18l3k","2025-01-28T05:22:07.000Z","77","finished","5.113211197815472","0.5","320","0.0003836339838420351","0.00007573102893207425","0.577","0.2969529085872576","2.476911783218384","0.17482061317677755","0.9972733469665984","0.5445714285714286","0.23768531802965087","2.4355954357555936","0.13487109905020353","1"
"gallant-sweep-26","y0a18l3k","2025-01-28T05:20:43.000Z","70","finished","7.567485038171984","0.6","128","0.004978945438499213","0.00021383987745687404","0.498","0.03461538461538462","7.67008642355601","0.01761252446183953","1","0.4774285714285714","0.014547413793103448","8.137157303946358","0.007327001356852103","1"
"rosy-sweep-25","y0a18l3k","2025-01-28T05:19:24.000Z","73","finished","7.154994370767419","0.4","256","0.0007119504471161168","0.0005332079652791422","0.511","0.6763732627399074","2.105214367310206","1","0","0.5264285714285715","0.6897519887693028","1.788211920431682","1","0"
"glorious-sweep-24","y0a18l3k","2025-01-28T05:18:04.000Z","1919","finished","8.23368922955424","0.5","128","0.0000044920044608427055","0.00006885548271689798","0.781","0.7859237536656891","0.5084994733333588","0.786692759295499","0.7750511247443763","0.8202857142857143","0.824595649749024","0.3957879234637533","0.8024423337856174","0.8401206636500754"
"prime-sweep-23","y0a18l3k","2025-01-28T04:45:56.000Z","99","finished","3.867071043619433","0.8","192","0.00021626214914009936","0.0006671260067230264","0.518","0.6790945406125166","0.992094541589419","0.9980430528375732","0.016359918200409","0.5292857142857142","0.6908715639365794","0.7446767687797546","0.9991858887381276","0.0069381598793363496"
"efficient-sweep-22","y0a18l3k","2025-01-28T04:44:11.000Z","281","finished","8.344396575586162","0.6","256","0.00002236616346566104","0.00012740898031669089","0.7196666666666667","0.7669714602382931","0.6219135026137034","0.902804957599478","0.5282890252215405","0.7878571428571428","0.8269835721775602","0.4909153112343379","0.9630936227951152","0.5930618401206637"
"copper-sweep-21","y0a18l3k","2025-01-28T04:39:26.000Z","483","finished","8.033013721906482","0.8","128","0.000022317433291859128","0.0001852863105861164","0.7806666666666666","0.7821192052980133","0.5065565357605616","0.7703848662752772","0.7914110429447853","0.8294285714285714","0.8315937940761636","0.3809544284428869","0.8","0.8621417797888387"
"sweepy-sweep-20","y0a18l3k","2025-01-28T04:31:17.000Z","235","finished","6.06024522196281","0.4","256","0.000030851980991324014","0.000014347931832298669","0.7716666666666666","0.7762169225743221","0.5147312954068184","0.7749510763209393","0.7682344921608726","0.847","0.8527025168477513","0.36396067695958273","0.841248303934871","0.853393665158371"
"sparkling-sweep-19","y0a18l3k","2025-01-28T04:27:13.000Z","3213","finished","8.335041160229128","0.8","128","0.0000032088728676435547","0.0000616262903432117","0.7766666666666666","0.7834518422753717","0.5098410248756409","0.7906066536203522","0.7620995228357191","0.8221428571428572","0.8287718333104113","0.4104923414332526","0.8176390773405698","0.8271493212669683"
"lemon-sweep-18","y0a18l3k","2025-01-28T03:33:31.000Z","370","finished","7.638026512164678","0.8","256","0.000022728688899534277","0.0002697058338425181","0.7413333333333333","0.7750724637681159","0.5822736695408821","0.8721461187214612","0.6046353101567825","0.8201428571428572","0.8440866873065015","0.4402114642517907","0.92483039348711","0.7037707390648568"
"elated-sweep-17","y0a18l3k","2025-01-28T03:27:13.000Z","1652","finished","8.651923328309781","0.5","320","0.0000033806433848543133","0.000032711943714175916","0.7616666666666667","0.7412233079985523","0.5009990086158117","0.6679712981082844","0.8595773687798227","0.8185714285714286","0.8100508525276697","0.3909189701080322","0.7348710990502035","0.9116138763197588"
"dashing-sweep-16","y0a18l3k","2025-01-28T02:59:36.000Z","113","finished","6.108884210461446","0.4","320","0.00012576737682083052","0.0002489310311541206","0.779","0.7763912310286678","0.5234100570281347","0.7508153946510111","0.8084526244035446","0.8598571428571429","0.8608313235919989","0.3298730584127562","0.823337856173677","0.9004524886877828"
"noble-sweep-15","y0a18l3k","2025-01-28T02:57:35.000Z","110","finished","3.3142055743172554","0.6","192","0.00018374295287873428","0.000026401159116876356","0.6946666666666667","0.596830985915493","0.890671839316686","0.4422700587084149","0.9584185412406272","0.7212857142857143","0.6406336341867748","0.74565175814288","0.47191316146540024","0.9984917043740572"
"bumbling-sweep-14","y0a18l3k","2025-01-28T02:55:39.000Z","972","finished","5.136489649752921","0.8","128","0.000011434093515311732","0.0004288270921319571","0.7413333333333333","0.7763688760806916","0.5787902027368546","0.8786692759295499","0.5978186775732788","0.814","0.8373313343328336","0.4416059266243662","0.9093622795115331","0.7079939668174963"
"noble-sweep-13","y0a18l3k","2025-01-28T02:39:18.000Z","89","finished","4.497722791075427","0.6","256","0.002586707704386919","0.000031829245384649574","0.511","0.6763732627399074","73.48049990336101","1","0","0.5264285714285715","0.6897519887693028","70.94785227094378","1","0"
"devout-sweep-12","y0a18l3k","2025-01-28T02:37:42.000Z","397","finished","4.811243742955321","0.4","320","0.000013818351003347826","0.0004089644595256153","0.7436666666666667","0.6971248523040567","0.5528702537218729","0.5772994129158513","0.9175187457396048","0.7678571428571429","0.7261082083263105","0.4689445250800678","0.5845318860244233","0.9716440422322776"
"classic-sweep-11","y0a18l3k","2025-01-28T02:30:56.000Z","237","finished","7.2017321208179945","0.6","192","0.000036439652906310574","0.0002454814094875005","0.7546666666666667","0.7666455294863666","0.513649029036363","0.7886497064579256","0.7191547375596455","0.845","0.8532395509265521","0.378847462790353","0.8559023066485753","0.8328808446455506"
"skilled-sweep-10","y0a18l3k","2025-01-28T02:26:49.000Z","293","finished","7.045537046035066","0.8","128","0.0000514916209351239","0.0002023691493921459","0.754","0.7790419161676647","0.5739547833800316","0.8486627527723418","0.6550783912747103","0.8431428571428572","0.8569567483064096","0.3672675884195736","0.8925373134328358","0.788235294117647"
"misunderstood-sweep-9","y0a18l3k","2025-01-28T02:21:48.000Z","3183","finished","7.075409605737224","0.5","256","0.000001675789012255934","0.00006445744082590224","0.764","0.7657180675049636","0.5064997598528862","0.7547292889758643","0.7736877982276755","0.8294285714285714","0.8355824841641422","0.40715442491429193","0.823337856173677","0.8361990950226245"
"cool-sweep-8","y0a18l3k","2025-01-28T01:28:39.000Z","96","finished","3.1095290550054315","0.4","320","0.004395482590878286","0.00016024972671272228","0.6533333333333333","0.4926829268292683","1.3519162436326344","0.3294194390084801","0.9918200408997956","0.6348571428571429","0.4690486082260074","1.218410992196628","0.3063772048846676","1"
"sandy-sweep-7","y0a18l3k","2025-01-28T01:26:54.000Z","611","finished","5.75104413514895","0.4","192","0.000011749020457489988","0.00003350616897431446","0.7416666666666667","0.7713189731484213","0.5557395021120707","0.852576647097195","0.6257668711656442","0.8301428571428572","0.8493601925757","0.43086301535367966","0.9096336499321572","0.7417797888386124"
"proud-sweep-6","y0a18l3k","2025-01-28T01:16:37.000Z","3584","finished","7.666912509256249","0.5","128","0.000001857302905541523","0.0001298195225772112","0.762","0.7487684729064039","0.5054539566238722","0.6940639269406392","0.8329925017041582","0.7912857142857143","0.7830734966592428","0.45018088285412106","0.7156037991858888","0.8754147812971342"
"true-sweep-5","y0a18l3k","2025-01-28T00:16:44.000Z","211","finished","7.836404358233062","0.4","192","0.000043807823843819366","0.00044302409545255","0.7483333333333333","0.7000397298371077","0.5793177932500839","0.5746901500326158","0.9297886843899114","0.7627142857142857","0.7142611388267676","0.4848074700151171","0.5633649932157395","0.984313725490196"
"winter-sweep-4","y0a18l3k","2025-01-28T00:13:06.000Z","609","finished","5.413976896518951","0.6","192","0.00001218415112084916","0.00012153607478832946","0.7763333333333333","0.7592393254395408","0.49068059275547665","0.690150032615786","0.8663940013633266","0.8135714285714286","0.8018824958251101","0.3928746368203844","0.7166892808683853","0.9212669683257918"
"earthy-sweep-3","y0a18l3k","2025-01-28T00:02:50.000Z","321","finished","6.988065893553402","0.8","192","0.00003747479393757048","0.000019081551563697055","0.7136666666666667","0.7725708234048186","0.7310573607683182","0.9517286366601436","0.4648943421949557","0.748","0.804304415353894","0.5340131276420185","0.9837177747625508","0.485972850678733"
"vivid-sweep-2","y0a18l3k","2025-01-27T23:57:20.000Z","196","finished","7.8255397149883965","0.6","128","0.000049067778405330146","0.0005228585064099676","0.7243333333333334","0.7771490164376179","0.6509181261062622","0.9406392694063926","0.49829584185412407","0.7777142857142857","0.8210671573137075","0.5144714287349156","0.9687924016282226","0.5653092006033182"
"expert-sweep-1","y0a18l3k","2025-01-27T23:53:58.000Z","3903","finished","7.077649012415874","0.4","256","0.000001309599628347286","0.0007429391275227725","0.7773333333333333","0.7709190672153635","0.4960588912169139","0.7332028701891715","0.8234492160872529","0.8224285714285714","0.8228587715547955","0.39879744819232393","0.7834464043419267","0.8657616892911011"
"try-lr-sched2","","2025-01-27T17:09:16.000Z","121","finished","6.3","","64","0.00015889","0.00090554","0.5116666666666667","0.674516774050211","0.9718301991621652","0.9902152641878668","0.011588275391956374","0.5305714285714286","0.6911073510058282","0.7733404891831535","0.9975576662143826","0.011463046757164403"
"try-lr-sched","","2025-01-27T17:01:53.000Z","606","finished","6.3","","64","0.000015889","0.00090554","0.743","0.7261101243339254","0.5468553553024927","0.6666666666666666","0.8227675528289026","0.769","0.7543673097372019","0.5278432582105909","0.6738127544097693","0.8748114630467572"
"laced-sweep-24","gt2h3xwl","2025-01-27T14:08:33.000Z","182","failed","5.148752668018707","0.4","128","7.515496942065009e-7","0.00039925562300847255","0.511","0.6763732627399074","0.6920241564512253","1","0","0.5264285714285715","0.6897519887693028","0.6907143018075398","1","0"
"swept-sweep-23","gt2h3xwl","2025-01-27T14:05:24.000Z","1237","finished","8.867336149792507","0.4","128","0.000006831191750974416","0.000033951744352487824","0.7816666666666666","0.7731208867336335","0.49326885988314945","0.7279843444227005","0.8377641445126107","0.8234285714285714","0.8180212014134276","0.391344034246036","0.7538670284938942","0.9007541478129714"
"astral-sweep-22","gt2h3xwl","2025-01-27T13:44:39.000Z","1804","finished","3.704605554243052","0.5","128","0.0000012512902270609722","0.0007450652750792423","0.7013333333333334","0.6903939184519696","0.6204523344834646","0.6516634050880626","0.7532379004771643","0.7397142857142858","0.730154028436019","0.626514766897474","0.6689280868385346","0.8184012066365007"
"colorful-sweep-21","gt2h3xwl","2025-01-27T13:14:27.000Z","1945","finished","6.555385634255519","0.4","192","0.0000012381840545109326","0.000029349361808667133","0.7163333333333334","0.6950913651021139","0.5876954396565756","0.6327462491846053","0.803680981595092","0.7472857142857143","0.7301296720061022","0.5837742835283279","0.6493894165535956","0.8561085972850678"
"balmy-sweep-20","gt2h3xwl","2025-01-27T12:41:53.000Z","89","finished","4.854085997822958","0.5","320","0.0005720257176964619","0.000012959709051350958","0.7746666666666666","0.7548948513415519","0.5637538284063339","0.6790606653620352","0.874573960463531","0.8565714285714285","0.8455384615384616","0.32132153638771604","0.7457259158751696","0.979788838612368"
"serene-sweep-19","gt2h3xwl","2025-01-27T12:40:15.000Z","78","finished","8.967963185917394","0.6","192","0.0004340556913240235","0.00004223310041936333","0.6253333333333333","0.4282807731434384","1.6827227175235748","0.2746249184605349","0.9918200408997956","0.6184285714285714","0.4315811874866993","1.535217510802405","0.2751696065128901","1"
"clean-sweep-18","gt2h3xwl","2025-01-27T12:38:50.000Z","60","finished","6.135471624101672","0.4","128","0.0028777095419032805","0.00003793245321755732","0.511","0.6763732627399074","16.315361817677815","1","0","0.5264285714285715","0.6897519887693028","15.551174810954503","1","0"
"curious-sweep-17","gt2h3xwl","2025-01-27T12:37:42.000Z","80","finished","7.362656514697317","0.5","192","0.0015571374951610093","0.000018207171601635896","0.511","0.6763732627399074","4.29757575194041","1","0","0.5264285714285715","0.6897519887693028","3.624005547591618","1","0"
"astral-sweep-16","gt2h3xwl","2025-01-27T12:36:13.000Z","283","finished","8.532702642145864","0.4","256","0.00002541091375105534","0.0003439291680007888","0.7703333333333333","0.7760805979850504","0.5165271783868471","0.7788649706457925","0.7614178595773687","0.8431428571428572","0.8498769483182936","0.3702236978071077","0.8434192672998643","0.8428355957767723"
"copper-sweep-15","gt2h3xwl","2025-01-27T12:31:12.000Z","187","finished","3.063922511875792","0.6","256","0.000043018263635852665","0.00037163659685654406","0.5093333333333333","0.6659101225601453","0.7422706534465154","0.9569471624266144","0.04158145875937287","0.543","0.6960570071258907","0.5796825268438884","0.9940298507462688","0.0416289592760181"
"balmy-sweep-14","gt2h3xwl","2025-01-27T12:28:00.000Z","164","finished","4.767032004207811","0.6","128","0.0001107268665396969","0.00015443772111355607","0.7836666666666666","0.7717200140696447","0.5149953092137972","0.715590345727332","0.8548057259713702","0.8551428571428571","0.8456151035322778","0.3297068721481732","0.75359565807327","0.9680241327300152"
"glorious-sweep-13","gt2h3xwl","2025-01-27T12:25:10.000Z","2247","finished","4.968384920870806","0.6","320","0.0000018644465365269431","0.0009700601014850454","0.7526666666666667","0.7516733601070951","0.5176501472791036","0.7325505544683627","0.7736877982276755","0.8061428571428572","0.8097041088206423","0.4439597363982882","0.7834464043419267","0.8313725490196079"
"toasty-sweep-12","gt2h3xwl","2025-01-27T11:47:37.000Z","723","finished","5.8868582672865415","0.4","192","0.000010528678561821133","0.00019162077149086635","0.7673333333333333","0.7391629297458894","0.510060595969359","0.6451402478799739","0.8950238582140423","0.799","0.7741935483870968","0.4099663943052292","0.6545454545454545","0.959577677224736"
"soft-sweep-11","gt2h3xwl","2025-01-27T11:35:24.000Z","98","finished","4.889425203197808","0.5","256","0.001525590672129621","0.000017456325614690555","0.511","0.6763732627399074","12.196827491124472","1","0","0.5264285714285715","0.6897519887693028","11.523179701396398","1","0"
"upbeat-sweep-10","gt2h3xwl","2025-01-27T11:33:21.000Z","149","finished","6.42512262620391","0.5","192","0.00011300392705971926","0.0004626899469493093","0.5156666666666667","0.6758866830247602","0.9767671128114064","0.9882583170254404","0.021813224267212","0.5304285714285715","0.6914484182859288","0.7155229129961559","0.9994572591587516","0.00904977375565611"
"clean-sweep-9","gt2h3xwl","2025-01-27T11:30:47.000Z","518","finished","8.409136334527915","0.8","256","0.000014178472383398084","0.000010787525586017818","0.7353333333333333","0.767018779342723","0.565336232384046","0.852576647097195","0.612815269256987","0.8238571428571428","0.8451588597262338","0.4419675809996469","0.9131614654002712","0.7245852187028657"
"stellar-sweep-8","gt2h3xwl","2025-01-27T11:22:01.000Z","230","finished","3.127491368447245","0.6","320","0.000026809473870571567","0.00022499144241690635","0.747","0.7017681728880157","0.547912302116553","0.5825179386823223","0.9188820722563054","0.7697142857142857","0.728528123947457","0.46259458363056183","0.5869742198100407","0.9728506787330315"
"good-sweep-7","gt2h3xwl","2025-01-27T11:17:45.000Z","83","finished","8.585962176373366","0.4","320","0.0008890374326597925","0.00018173926844206425","0.5093333333333333","0.6739034116083297","1.2082811295986176","0.9921722113502937","0.004771642808452625","0.5291428571428571","0.6909227306826706","0.8659221040351051","0.9997286295793758","0.006033182503770739"
"soft-sweep-6","gt2h3xwl","2025-01-27T11:16:12.000Z","134","finished","7.622768889457911","0.8","192","0.0001055910055383134","0.0008679476540538321","0.769","0.7391795257809559","0.5354636187354723","0.6405740378343118","0.9032038173142468","0.8067142857142857","0.7813863305865245","0.4004528575709888","0.6561736770691995","0.9740573152337858"
"warm-sweep-5","gt2h3xwl","2025-01-27T11:13:49.000Z","1756","finished","6.8695116492614385","0.5","128","5.644588312003228e-7","0.000012314849091141369","0.49366666666666664","0.6254007398273737","0.6650159110625585","0.827136333985649","0.14519427402862986","0.5152857142857142","0.6491572743253025","0.6687042777027402","0.851831750339213","0.1411764705882353"
"glowing-sweep-4","gt2h3xwl","2025-01-27T10:44:24.000Z","89","finished","4.63044487154524","0.6","320","0.0005756087657559524","0.0003671011296089639","0.511","0.6763732627399074","5.706998070081075","1","0","0.5264285714285715","0.6897519887693028","5.238005331584385","1","0"
"polar-sweep-3","gt2h3xwl","2025-01-27T10:42:47.000Z","74","finished","8.85464242454719","0.5","256","0.0015192081647245224","0.00007034298912416406","0.511","0.6763732627399074","6.511978228886922","1","0","0.5264285714285715","0.6897519887693028","5.9514645508357455","1","0"
"tough-sweep-2","gt2h3xwl","2025-01-27T10:41:28.000Z","349","finished","4.0578009232166625","0.6","320","0.000019326634105747783","0.00003402560438512446","0.7506666666666667","0.7771156138259833","0.5578118960062662","0.8506196999347684","0.6462167689161554","0.8297142857142857","0.8473360655737705","0.42409626500947134","0.8976933514246948","0.7541478129713424"
"woven-sweep-1","gt2h3xwl","2025-01-27T10:35:37.000Z","60","finished","6.625111673194254","0.8","128","0.003948819837768729","0.0002500171724956479","0.511","0.6763732627399074","33.31992324193319","1","0","0.5264285714285715","0.6897519887693028","32.06984438214983","1","0"
"swift-sweep-6","2hsfpqs6","2025-01-27T10:31:54.000Z","98","failed","8.472662011723958","0.5","128","0.0002038010618200857","0.0001405808651373412","0.511","0.6763732627399074","4.201689501603444","1","0","0.5264285714285715","0.6897519887693028","3.897013136318752","1","0"
"twilight-sweep-5","2hsfpqs6","2025-01-27T10:30:11.000Z","67","finished","8.412840367192576","0.8","192","0.001180071670309809","0.0003904905142114693","0.489","0","13.4138392607371","0","1","0.4735714285714286","0","13.55951384135655","0","1"
"curious-sweep-4","2hsfpqs6","2025-01-27T10:28:57.000Z","91","finished","4.08996407417943","0.6","128","0.026309286059377997","0.00002374677767127324","0.618","0.42179616548940463","1.8244074086348216","0.27266797129810827","0.9788684389911384","0.595","0.3748621830209482","1.8234649641173224","0.2306648575305292","1"
"true-sweep-3","2hsfpqs6","2025-01-27T10:27:20.000Z","245","finished","6.029385773940197","0.5","128","0.00005273206300873515","0.00028495571972597927","0.7463333333333333","0.6988523941432528","0.6336071143547694","0.5759947814742336","0.9243353783231084","0.7565714285714286","0.7022020272631947","0.5338108975972448","0.5451831750339213","0.991553544494721"
"comic-sweep-2","2hsfpqs6","2025-01-27T10:17:33.000Z","117","finished","4.21866281384561","0.4","256","0.020886913304133375","0.00006316862428216545","0.511","0.6763732627399074","7.105272849400838","1","0","0.5264285714285715","0.6897519887693028","6.609203713280814","1","0"
"fresh-sweep-1","2hsfpqs6","2025-01-27T10:15:30.000Z","148","finished","3.2969621245205714","0.5","192","0.00009488058442156484","0.00003268817085356731","0.7396666666666667","0.6844444444444444","0.6560898572206497","0.5525114155251142","0.9352419904567144","0.7624285714285715","0.7103292109388608","0.5182241605860847","0.5533242876526459","0.9948717948717948"
"try-batch-norm2","","2025-01-24T12:12:39.000Z","888","finished","6.3","","64","0.000015889","0.00090554","0.7706666666666667","0.7585964912280702","0.5146201103925705","0.7051532941943901","0.8391274710293115","0.8135714285714286","0.8050201703272075","0.4151699106608118","0.7310719131614654","0.9052790346907994"
"try-batch-norm","","2025-01-24T11:54:02.000Z","158","finished","6.3","","64","0.00015889","0.00090554","0.7766666666666666","0.7901002506265664","0.5582546020547549","0.822570123939987","0.7286980231765507","0.8497142857142858","0.8624476987447699","0.38096185880047934","0.8949796472184531","0.799396681749623"
"sweepy-sweep-201","jbbvi8as","2025-01-21T21:06:40.000Z","464","finished","6.496104178516424","0.4","192","0.00024936098188872816","0.00004154049550647571","0.727","0.6717434869739479","0.5830699602762858","0.5466405740378343","0.9154737559645536","0.7568571428571429","0.7095563139931741","0.48335717086281094","0.564179104477612","0.9710407239819004"
"driven-sweep-200","jbbvi8as","2025-01-21T20:58:47.000Z","416","finished","6.1755718366510255","0.5","128","0.0005429722982333894","0.0009363074402944692","0.751","0.7595751528805922","0.592861533164978","0.7697325505544683","0.7314246762099523","0.8621428571428571","0.8677901082340047","0.3422529527119228","0.8594301221166892","0.865158371040724"
"lunar-sweep-199","jbbvi8as","2025-01-21T20:51:44.000Z","868","finished","4.675676480243379","0.6","320","0.00006528261780435253","0.00007409520273165604","0.7696666666666667","0.771267792121814","0.5012762993574142","0.7599478147423353","0.7798227675528289","0.8394285714285714","0.8435412026726058","0.3827046677470207","0.8222523744911805","0.8585218702865761"
"breezy-sweep-198","jbbvi8as","2025-01-21T20:37:11.000Z","682","finished","3.7134570612223303","0.6","128","0.00009856966027076264","0.0002838969022435916","0.7593333333333333","0.7599734042553191","0.5283959408601125","0.7455968688845401","0.7736877982276755","0.8058571428571428","0.8056628056628057","0.44962200096675325","0.7644504748982361","0.8518853695324283"
"generous-sweep-197","jbbvi8as","2025-01-21T20:25:42.000Z","1008","finished","3.516097125554295","0.4","320","0.000052500664134397774","0.000013870318045479284","0.7673333333333333","0.772490221642764","0.4989908710122109","0.7729941291585127","0.7614178595773687","0.8484285714285714","0.8559011272579112","0.37554318457841873","0.8550881953867029","0.841025641025641"
"hearty-sweep-196","jbbvi8as","2025-01-21T20:08:48.000Z","379","finished","7.090910726750806","0.4","192","0.0006572855722305364","0.0006437886915027844","0.7513333333333333","0.7707437000614629","0.5887211263179779","0.8180039138943248","0.6816632583503749","0.8588571428571429","0.8713876594636814","0.3786872870155743","0.9082767978290366","0.803921568627451"
"denim-sweep-195","jbbvi8as","2025-01-21T20:02:20.000Z","584","finished","4.683122770291009","0.4","256","0.0001801386134905635","0.00022380137786159012","0.756","0.7254313578394599","0.5064174483219782","0.6307893020221788","0.8868438991138378","0.8085714285714286","0.7861474624960102","0.40136315673589706","0.6683853459972863","0.9644042232277528"
"polished-sweep-194","jbbvi8as","2025-01-21T19:52:26.000Z","590","finished","3.3595042334741994","0.5","320","0.0003369928694089442","0.00003644757494136093","0.761","0.751473136915078","0.5203095376491547","0.7071102413568167","0.8173142467620995","0.8601428571428571","0.8559234731420162","0.3245970958045551","0.7891451831750339","0.9390648567119156"
"pretty-sweep-193","jbbvi8as","2025-01-21T19:42:30.000Z","588","finished","5.153425215181498","0.8","256","0.00009364672753145276","0.00004214938801218403","0.7676666666666667","0.7677440853048983","0.512470985452334","0.7514677103718199","0.7845944103612815","0.8191428571428572","0.8224403927068724","0.4199578453387533","0.7956580732700136","0.8452488687782805"
"sweet-sweep-192","jbbvi8as","2025-01-21T19:32:36.000Z","46","finished","3.371789825895517","0.6","256","0.000856654659235393","0.00002019898309372468","0.511","0.6763732627399074","0.6930564343929291","1","0","0.5264285714285715","0.6897519887693028","0.6917787151677268","1","0"
"swift-sweep-191","jbbvi8as","2025-01-21T19:31:46.000Z","375","finished","7.538179610135445","0.5","192","0.0006461236151728323","0.0007456342349825253","0.7443333333333333","0.7222021006881565","0.5522372474273046","0.6503587736464449","0.8425357873210634","0.858","0.8506161707243763","0.32954588692103115","0.76797829036635","0.9580693815987934"
"brisk-sweep-190","jbbvi8as","2025-01-21T19:25:24.000Z","291","finished","3.3433892138769483","0.8","128","0.0008000041778515654","0.00005024217644765039","0.6476666666666666","0.5917342603321746","0.6506253629922867","0.49967384213959554","0.8023176550783913","0.6904285714285714","0.6381699782935382","0.6266320816108158","0.5185888738127544","0.881447963800905"
"playful-sweep-189","jbbvi8as","2025-01-21T19:20:28.000Z","61","finished","8.339546836867825","0.6","320","0.0009734875132990884","0.0007064549497826097","0.511","0.6763732627399074","0.6932282646497091","1","0","0.5264285714285715","0.6897519887693028","0.691660687327385","1","0"
"dandy-sweep-188","jbbvi8as","2025-01-21T19:19:17.000Z","610","finished","7.587417650051298","0.4","192","0.00009921146647533877","0.00048043796012430207","0.5073333333333333","0.6681634485855411","0.6614626944065094","0.9706457925636008","0.023176550783912748","0.5388571428571428","0.6923370186808997","0.5733747695173536","0.98561736770692","0.042232277526395176"
"dulcet-sweep-187","jbbvi8as","2025-01-21T19:08:57.000Z","642","finished","5.207551397755195","0.6","256","0.00006725748156852777","0.0006993924823203967","0.765","0.7804422298349424","0.5375240296125412","0.817351598173516","0.7102931152010906","0.8081428571428572","0.8270889661387923","0.4575208915131433","0.8716417910447761","0.7375565610859729"
"effortless-sweep-186","jbbvi8as","2025-01-21T18:58:08.000Z","521","finished","3.230438629712423","0.6","128","0.00016947546635393343","0.00001581220201908616","0.7583333333333333","0.761748274728886","0.530169111986955","0.7560339204174821","0.7607361963190185","0.8202857142857143","0.8249373782354579","0.4193981885910034","0.8043419267299864","0.8380090497737557"
"winter-sweep-185","jbbvi8as","2025-01-21T18:49:21.000Z","312","finished","4.341746744967383","0.6","128","0.000490202549175451","0.000027141122446900567","0.7263333333333334","0.7565965016305959","0.6143381496270498","0.83235485975212","0.6155419222903885","0.7975714285714286","0.8210180623973727","0.4976057325090681","0.8819538670284939","0.7037707390648568"
"decent-sweep-184","jbbvi8as","2025-01-21T18:44:00.000Z","984","finished","7.715569524269573","0.8","256","0.00005081674202396316","0.0008788634494448598","0.76","0.7321428571428571","0.4955001547932625","0.6418786692759295","0.8834355828220859","0.7945714285714286","0.770434227330779","0.42229293286800385","0.6548168249660787","0.9499245852187028"
"northern-sweep-183","jbbvi8as","2025-01-21T18:27:27.000Z","488","finished","8.892807008201187","0.8","320","0.00028457486177931127","0.0004466157492393112","0.7233333333333334","0.6636952998379254","0.5576807782053947","0.5342465753424658","0.9209270620313564","0.7734285714285715","0.7354903268845897","0.4683109489934785","0.5983717774762551","0.9680241327300152"
"misty-sweep-182","jbbvi8as","2025-01-21T18:19:09.000Z","749","finished","7.923431586097803","0.6","256","0.00008076235777261967","0.00019916841710734012","0.7696666666666667","0.7834534628643058","0.5319121778011322","0.8153946510110893","0.721881390593047","0.8314285714285714","0.8461137193531559","0.411135417010103","0.8803256445047489","0.7770739064856712"
"peach-sweep-181","jbbvi8as","2025-01-21T18:06:31.000Z","652","finished","8.469972635777093","0.5","320","0.00010217190276548783","0.00013877045075943285","0.7266666666666667","0.768361581920904","0.6027601609627405","0.8871493803000652","0.5589638718473074","0.7978571428571428","0.8303153855378342","0.4844951182603836","0.939484396200814","0.6404223227752639"
"volcanic-sweep-180","jbbvi8as","2025-01-21T17:55:30.000Z","863","finished","3.997275322856108","0.4","128","0.00006274925492404425","0.000012531352284748162","0.733","0.7574931880108992","0.5748602648576101","0.8160469667318982","0.6462167689161554","0.8062857142857143","0.8238503507404521","0.4801610016397067","0.8605156037991859","0.7460030165912519"
"cool-sweep-179","jbbvi8as","2025-01-21T17:40:59.000Z","49","finished","5.895374434601011","0.5","256","0.0006395456074787322","0.000020231750470698264","0.511","0.6763732627399074","0.6928397764762243","1","0","0.5264285714285715","0.6897519887693028","0.6912638247013092","1","0"
"twilight-sweep-178","jbbvi8as","2025-01-21T17:40:03.000Z","577","finished","6.776601031505395","0.6","320","0.0002796099271115888","0.00005627856662590114","0.761","0.732562476687803","0.5129087517658869","0.6405740378343118","0.8868438991138378","0.821","0.8037588097102584","0.3827189930847713","0.6963364993215739","0.959577677224736"
"snowy-sweep-177","jbbvi8as","2025-01-21T17:30:17.000Z","955","finished","3.1648531731965495","0.8","320","0.00005685256948219968","0.0002866194373825166","0.7366666666666667","0.6947449768160742","0.531172181169192","0.5864318330071755","0.8936605316973415","0.7875714285714286","0.7560295324036095","0.4350605479308537","0.6252374491180461","0.9680241327300152"
"honest-sweep-176","jbbvi8as","2025-01-21T17:14:13.000Z","560","finished","8.722741917191016","0.6","320","0.0002943741979310848","0.0000960073800897537","0.7506666666666667","0.7777777777777778","0.5838157882293066","0.8538812785388128","0.6428084526244036","0.8152857142857143","0.837501570943823","0.4433264753648213","0.9042062415196744","0.7164404223227753"
"vivid-sweep-175","jbbvi8as","2025-01-21T17:04:47.000Z","51","finished","3.3106624992801974","0.8","192","0.0006004698471954948","0.00018064513426672377","0.511","0.6763732627399074","0.692113051811854","1","0","0.5264285714285715","0.6897519887693028","0.6912807034594672","1","0"
"smart-sweep-174","jbbvi8as","2025-01-21T17:03:50.000Z","578","finished","7.826523974296328","0.5","320","0.0003535980878235607","0.0005908326731241207","0.7726666666666666","0.7763934426229508","0.5269175047675768","0.7723418134377038","0.7730061349693251","0.8558571428571429","0.8583462024427909","0.34032818568604334","0.8295793758480325","0.8850678733031674"
"effortless-sweep-173","jbbvi8as","2025-01-21T16:54:03.000Z","340","finished","6.476086443275896","0.6","320","0.0006565916235222345","0.0005473524619083922","0.5016666666666667","0.6677039342076017","0.6655260374148687","0.9797782126549248","0.002044989775051125","0.5235714285714286","0.6824111989334349","0.6631260854857308","0.9723202170963364","0.02473604826546003"
"winter-sweep-172","jbbvi8as","2025-01-21T16:48:17.000Z","343","finished","4.547553361342114","0.4","128","0.0008696012643291489","0.0003940283174330757","0.7536666666666667","0.7584177835894083","0.5878118847807249","0.7566862361382909","0.7505112474437627","0.8497142857142858","0.8554150632215503","0.3670624430690493","0.8445047489823609","0.8555052790346908"
"skilled-sweep-171","jbbvi8as","2025-01-21T16:42:27.000Z","465","finished","6.024587459900491","0.5","192","0.00035674917419232886","0.00023681549988715576","0.769","0.7730101539469374","0.5122974365949631","0.7697325505544683","0.7682344921608726","0.8415714285714285","0.8527028821888697","0.3977308262671743","0.8710990502035278","0.8087481146304676"
"dulcet-sweep-170","jbbvi8as","2025-01-21T16:34:33.000Z","555","finished","3.2372530392507706","0.6","192","0.00018269962959402647","0.00017283479899815797","0.7653333333333333","0.7656458055925432","0.5064464509487152","0.7501630789302022","0.7811860940695297","0.841","0.8456952724247886","0.3864110878535679","0.8276797829036635","0.8558069381598793"
"silver-sweep-169","jbbvi8as","2025-01-21T16:25:11.000Z","582","finished","7.507513398785655","0.8","256","0.00017423445778174242","0.000049103525848098505","0.7783333333333333","0.7990329404653974","0.5499369775255522","0.8623613829093281","0.6905248807089298","0.8255714285714286","0.8448735865836615","0.4347519416894232","0.9023066485753052","0.7402714932126697"
"volcanic-sweep-168","jbbvi8as","2025-01-21T16:15:22.000Z","465","finished","7.956739372609891","0.4","192","0.0004227922717555348","0.000034246983768059837","0.753","0.7227833894500562","0.5135172406832377","0.6301369863013698","0.8813905930470347","0.8341428571428572","0.8202508128193219","0.3730090122137751","0.7188602442333786","0.9622926093514328"
"soft-sweep-167","jbbvi8as","2025-01-21T16:07:30.000Z","55","finished","8.709855430199761","0.6","256","0.0005119776246345561","0.00026131386453985973","0.511","0.6763732627399074","0.6923394650220871","1","0","0.5264285714285715","0.6897519887693028","0.6913967217717852","1","0"
"vital-sweep-166","jbbvi8as","2025-01-21T16:06:28.000Z","922","finished","7.15045197749338","0.4","192","0.00007035226789375707","0.00003980682728022337","0.7573333333333333","0.7433004231311706","0.4819090018669765","0.6875407697325505","0.8302658486707567","0.822","0.812462372065021","0.3745323589869908","0.7324287652645861","0.9215686274509804"
"helpful-sweep-165","jbbvi8as","2025-01-21T15:51:01.000Z","1082","finished","3.364688355291715","0.5","320","0.0000513517274412085","0.000021873620109574094","0.76","0.7430406852248393","0.4881525188684463","0.6790606653620352","0.8445807770961146","0.8332857142857143","0.8234760248071397","0.3561901215996061","0.7386702849389416","0.9384615384615383"
"easy-sweep-164","jbbvi8as","2025-01-21T15:32:54.000Z","280","finished","7.216458298696105","0.8","320","0.0006857350119746874","0.000156487684214197","0.5663333333333334","0.3345268542199488","0.6727153211832047","0.21330724070450097","0.9352419904567144","0.5627142857142857","0.3395900755124056","0.6793181534324374","0.2135685210312076","0.9508295625942684"
"dulcet-sweep-163","jbbvi8as","2025-01-21T15:28:07.000Z","864","finished","8.659327316831302","0.8","128","0.00005479836160026692","0.00003937811132909752","0.736","0.7185501066098081","0.553904394308726","0.6594911937377691","0.8159509202453987","0.773","0.7587672688629118","0.518322291118758","0.6781546811397557","0.8784313725490196"
"fast-sweep-162","jbbvi8as","2025-01-21T15:13:37.000Z","978","finished","3.349088864596291","0.4","320","0.00006109136894667554","0.0002801414936237074","0.745","0.7079037800687286","0.5206256831685702","0.6046966731898239","0.8916155419222904","0.7998571428571428","0.772823090643749","0.4041568828480585","0.6466757123473541","0.9701357466063348"
"young-sweep-161","jbbvi8as","2025-01-21T14:57:11.000Z","557","finished","6.73945286940759","0.4","320","0.00024508868863971087","0.00003440797776039294","0.7393333333333333","0.6989992301770592","0.5373619496822357","0.5923026744944553","0.8929788684389911","0.8032857142857143","0.7813244402096237","0.4155605914337294","0.6675712347354138","0.9541478129713424"
"worldly-sweep-160","jbbvi8as","2025-01-21T14:47:49.000Z","77","finished","4.905641186849911","0.6","256","0.0002624354765606712","0.0000428517246285788","0.511","0.6763732627399074","0.6905261874198914","1","0","0.5264285714285715","0.6897519887693028","0.6891302232231412","1","0"
"major-sweep-159","jbbvi8as","2025-01-21T14:46:22.000Z","344","finished","8.972078901884963","0.5","128","0.0004448546580345942","0.0001787623557167551","0.7383333333333333","0.7052196770559519","0.557447557648023","0.6125244618395304","0.8698023176550784","0.7905714285714286","0.7650641025641025","0.4344817910875593","0.6477611940298508","0.9493212669683256"
"sparkling-sweep-158","jbbvi8as","2025-01-21T14:40:28.000Z","487","finished","3.952894583893736","0.6","128","0.0002232825143802716","0.000014637216620014553","0.7573333333333333","0.7573333333333333","0.5364378914237022","0.741030658838878","0.7743694614860259","0.8232857142857143","0.8238644453937064","0.4103684521147183","0.7850746268656716","0.8657616892911011"
"dashing-sweep-157","jbbvi8as","2025-01-21T14:32:16.000Z","370","finished","4.915233820710535","0.6","128","0.0008840865279594804","0.00018870805397306392","0.7073333333333334","0.6496408619313647","0.5624246994654337","0.5309849967384214","0.8916155419222904","0.7375714285714285","0.6840928632846087","0.5087727531790733","0.5397557666214383","0.9574660633484164"
"misty-sweep-156","jbbvi8as","2025-01-21T14:25:57.000Z","494","finished","8.70951818511376","0.5","256","0.00015888798036658796","0.0009055383392683592","0.7876666666666666","0.7883017613825191","0.4865506812930107","0.7736464448793215","0.8023176550783913","0.833","0.8398849472674976","0.4065721237233707","0.83202170963365","0.8340874811463047"
"decent-sweep-155","jbbvi8as","2025-01-21T14:17:33.000Z","514","finished","7.734749140456351","0.6","192","0.00017076920779512012","0.000028841114201779663","0.7513333333333333","0.728134110787172","0.5101423263549805","0.6516634050880626","0.8554873892297206","0.8172857142857143","0.8080444244334384","0.4060400862778936","0.7305291723202171","0.9137254901960784"
"amber-sweep-154","jbbvi8as","2025-01-21T14:08:54.000Z","574","finished","3.050979603417005","0.4","320","0.0002729791468842979","0.00004588038671516855","0.7386666666666667","0.6893819334389857","0.5681866606076559","0.5675146771037182","0.9175187457396048","0.7875714285714286","0.7525378598768514","0.4569467061332294","0.6135685210312076","0.980995475113122"
"true-sweep-153","jbbvi8as","2025-01-21T13:59:15.000Z","538","finished","3.5723329926784095","0.4","320","0.000196895227940784","0.0008351470911957107","0.743","0.713276310896244","0.5206615080436071","0.6255707762557078","0.8657123381049762","0.7891428571428571","0.7623953638119768","0.4360656035797937","0.6426051560379918","0.9520361990950226"
"comic-sweep-152","jbbvi8as","2025-01-21T13:50:12.000Z","298","finished","7.729563685915705","0.6","128","0.0006762223496077238","0.00004943147035203559","0.6793333333333333","0.6117836965294592","0.6013127615054449","0.49445531637312456","0.8725289706884799","0.7507142857142857","0.710661581827226","0.5071934695754733","0.5815468113975577","0.938763197586727"
"clear-sweep-151","jbbvi8as","2025-01-21T13:45:09.000Z","51","finished","6.589127648735392","0.5","192","0.0008095810096418808","0.00001061621961078878","0.511","0.6763732627399074","0.6917144954204559","1","0","0.5265714285714286","0.6898165481093224","0.6914584317377636","1","0.00030165912518853697"
"balmy-sweep-150","jbbvi8as","2025-01-21T13:44:08.000Z","390","finished","3.7849668324154666","0.4","192","0.0006807877877369255","0.0002653980256619367","0.7573333333333333","0.7584605175846052","0.5329378843307495","0.7455968688845401","0.7695978186775733","0.8728571428571429","0.875733035464954","0.3115643560886383","0.8510176390773405","0.8971342383107089"
"absurd-sweep-149","jbbvi8as","2025-01-21T13:37:28.000Z","349","finished","4.685668205866866","0.6","192","0.0006108200649249266","0.000012482183599460017","0.7523333333333333","0.7550280250576986","0.5353605970740318","0.7469015003261579","0.7580095432856169","0.8421428571428572","0.8458641372576371","0.4115092594708715","0.8227951153324288","0.8636500754147813"
"still-sweep-148","jbbvi8as","2025-01-21T13:31:32.000Z","403","finished","6.016114237318177","0.4","128","0.0003197861596585694","0.000010658051791998692","0.7053333333333334","0.6514195583596214","0.5752583146095276","0.5388127853881278","0.8793456032719836","0.762","0.7176271186440678","0.4733805624502046","0.5744911804613297","0.9704374057315234"
"likely-sweep-147","jbbvi8as","2025-01-21T13:24:41.000Z","613","finished","5.312144572823486","0.4","320","0.00014318243441526903","0.00044841813477974353","0.7506666666666667","0.7320916905444126","0.5178858364621798","0.6666666666666666","0.8384458077709611","0.822","0.8141408114558473","0.405775103185858","0.7405698778833107","0.9125188536953244"
"solar-sweep-146","jbbvi8as","2025-01-21T13:14:21.000Z","438","finished","8.829247022433712","0.5","256","0.0006981868016696653","0.000025577468522301548","0.6523333333333333","0.5399205999117777","0.6321589350700378","0.3992172211350294","0.9168370824812544","0.6657142857142857","0.5753176043557169","0.5969498753547668","0.43012211668928085","0.9276018099547512"
"ethereal-sweep-145","jbbvi8as","2025-01-21T13:06:55.000Z","894","finished","3.33878640520772","0.5","128","0.00009640133612200894","0.0007723716534554816","0.763","0.768630003254149","0.5237157518664995","0.7703848662752772","0.7552828902522154","0.8301428571428572","0.8353869583275647","0.40601122059992384","0.8187245590230665","0.8428355957767723"
"rosy-sweep-144","jbbvi8as","2025-01-21T12:51:51.000Z","508","finished","3.6733873402047816","0.4","256","0.00012247440957532208","0.000013975147754481877","0.769","0.7722642129477489","0.5101501370469729","0.766470971950424","0.7716428084526245","0.827","0.8341777351773244","0.43577510118484497","0.8265943012211668","0.8274509803921568"
"rural-sweep-143","jbbvi8as","2025-01-21T12:43:16.000Z","639","finished","6.838830130752735","0.8","128","0.00018809434457622097","0.000040113039621752745","0.771","0.7656090071647902","0.5173965146144232","0.7318982387475538","0.8118609406952966","0.8402857142857143","0.83792403595245","0.36600532808474134","0.7842605156037992","0.9025641025641026"
"lively-sweep-142","jbbvi8as","2025-01-21T12:32:32.000Z","543","finished","7.861318776269772","0.5","192","0.0001663026759953874","0.000033922075803524175","0.754","0.764367816091954","0.5385569756229719","0.7808219178082192","0.7259713701431493","0.8297142857142857","0.8447916666666667","0.43164538059915813","0.8803256445047489","0.7734539969834088"
"valiant-sweep-141","jbbvi8as","2025-01-21T12:23:19.000Z","816","finished","4.3185846133331225","0.5","128","0.00010506125212638256","0.000029853505587442928","0.7686666666666667","0.7730542838456508","0.5198934972286224","0.7710371819960861","0.7661895023858214","0.8207142857142857","0.8260085955912935","0.4079333086098943","0.8084124830393488","0.8343891402714932"
"pretty-sweep-140","jbbvi8as","2025-01-21T12:09:37.000Z","897","finished","7.985924558603303","0.6","128","0.000050234091917373886","0.0007941662847202976","0.7526666666666667","0.7600258732212161","0.5523989746967951","0.766470971950424","0.7382413087934561","0.7945714285714286","0.7996098104793757","0.5013581982680729","0.778561736770692","0.81236802413273"
"usual-sweep-139","jbbvi8as","2025-01-21T11:54:31.000Z","791","finished","4.869465069213547","0.4","128","0.0001074045669186857","0.00004265469967851194","0.763","0.7781591263650546","0.5444369117418925","0.8134377038486628","0.7102931152010906","0.8195714285714286","0.832958603359344","0.4250220816050257","0.8545454545454545","0.7806938159879336"
"chocolate-sweep-138","jbbvi8as","2025-01-21T11:41:14.000Z","60","finished","7.74208869021127","0.6","256","0.000738218327131289","0.0007399882236418964","0.511","0.6763732627399074","0.6929886192083359","1","0","0.5264285714285715","0.6897519887693028","0.6914679535797664","1","0"
"dainty-sweep-137","jbbvi8as","2025-01-21T11:40:05.000Z","53","finished","8.882686269145484","0.4","320","0.0009129839815357936","0.0005238060422167659","0.511","0.6763732627399074","0.6933314601580302","1","0","0.5264285714285715","0.6897519887693028","0.6913476479904992","1","0"
"distinctive-sweep-136","jbbvi8as","2025-01-21T11:39:05.000Z","604","finished","8.264744647778507","0.5","256","0.00010829092401358156","0.000383232310253371","0.771","0.793631721237609","0.5325940499703089","0.8617090671885193","0.676209952283572","0.8228571428571428","0.8429186724094249","0.4454842326896531","0.9028493894165536","0.7339366515837104"
"zesty-sweep-135","jbbvi8as","2025-01-21T11:28:52.000Z","52","finished","4.354290383322166","0.8","256","0.0008206778190198887","0.000050869542318300155","0.511","0.6763732627399074","0.6931588649749756","1","0","0.5264285714285715","0.6897519887693028","0.6915602130549294","1","0"
"gentle-sweep-134","jbbvi8as","2025-01-21T11:27:54.000Z","573","finished","6.901170306494123","0.8","320","0.00020167300676895167","0.00001772120281439839","0.7523333333333333","0.7490712597095576","0.525615374247233","0.7234181343770385","0.7825494205862304","0.8237142857142857","0.8267340634653187","0.4183608740568161","0.7989145183175034","0.8512820512820513"
"astral-sweep-133","jbbvi8as","2025-01-21T11:18:14.000Z","70","finished","7.882630662076145","0.8","320","0.00028679627311555694","0.00012742788925482502","0.511","0.6763732627399074","0.6864640017350515","1","0","0.5264285714285715","0.6897519887693028","0.6856928574187415","1","0"
"bright-sweep-132","jbbvi8as","2025-01-21T11:16:56.000Z","59","finished","4.690613873181922","0.8","256","0.00034469754607183563","0.00021970095170799957","0.511","0.6763732627399074","0.6917916586001714","1","0","0.5264285714285715","0.6897519887693028","0.6908762369837079","1","0"
"fine-sweep-131","jbbvi8as","2025-01-21T11:15:52.000Z","698","finished","3.9568667865369487","0.8","320","0.00012956345755051394","0.000010439853103641387","0.7583333333333333","0.7339449541284404","0.5109850615262985","0.6523157208088715","0.869120654396728","0.8191428571428572","0.8043881334981459","0.3822621256113053","0.7063772048846676","0.9444947209653092"
"splendid-sweep-130","jbbvi8as","2025-01-21T11:04:05.000Z","462","finished","3.0909223690389913","0.5","128","0.00021062250722424136","0.0008893791601603084","0.7516666666666667","0.7458205390651654","0.5351542979478836","0.7129810828440966","0.7920927062031357","0.7918571428571428","0.7841801214634869","0.4575670968208994","0.7183175033921303","0.873604826546003"
"comic-sweep-129","jbbvi8as","2025-01-21T10:56:14.000Z","71","finished","8.094273219178788","0.8","320","0.0003144178477713557","0.00020277322805772793","0.511","0.6763732627399074","0.6903620560963949","1","0","0.5264285714285715","0.6897519887693028","0.6885091577257428","1","0"
"lively-sweep-128","jbbvi8as","2025-01-21T10:54:58.000Z","56","finished","3.4228766751870197","0.4","256","0.0005292110423016531","0.0002372772132985134","0.511","0.6763732627399074","0.6912378668785095","1","0","0.5264285714285715","0.6897519887693028","0.6904761918953487","1","0"
"upbeat-sweep-127","jbbvi8as","2025-01-21T10:53:57.000Z","595","finished","6.949722899062186","0.5","320","0.00036303717954810607","0.00003227838564032049","0.7693333333333333","0.7476294675419402","0.5007754936814308","0.6686236138290933","0.874573960463531","0.846","0.8366666666666667","0.34374324125902994","0.7492537313432835","0.9535444947209654"
"avid-sweep-126","jbbvi8as","2025-01-21T10:43:54.000Z","903","finished","4.0426274935846775","0.6","256","0.000050758222521496696","0.00010553669135538528","0.728","0.777535441657579","0.6194333583116531","0.9302022178734508","0.5167007498295841","0.7762857142857142","0.8200413698000459","0.5207044280001095","0.9682496607869742","0.56289592760181"
"honest-sweep-125","jbbvi8as","2025-01-21T10:28:41.000Z","462","finished","8.291438872365099","0.4","256","0.00021814701542295328","0.0007861661005427547","0.7226666666666667","0.665863453815261","0.5531064867973328","0.5407697325505545","0.912747102931152","0.762","0.7155054644808743","0.4914976124252592","0.5685210312075983","0.9770739064856712"
"bright-sweep-124","jbbvi8as","2025-01-21T10:20:53.000Z","778","finished","8.697147551942981","0.8","256","0.00007444940351099544","0.0001731158069596784","0.7776666666666666","0.7880521131236098","0.5258339593807856","0.8088714938030006","0.7450579413769598","0.829","0.8421469075563761","0.42701885742800577","0.8664857530529172","0.7873303167420814"
"fearless-sweep-123","jbbvi8as","2025-01-21T10:07:47.000Z","556","finished","4.939314208443114","0.8","192","0.000230771897231282","0.00003926524944201677","0.5196666666666667","0.6766883553960062","0.8111813912789027","0.9836921069797782","0.034764826175869123","0.5318571428571428","0.690994813767091","0.6734427043369838","0.9943012211668928","0.01779788838612368"
"sage-sweep-122","jbbvi8as","2025-01-21T09:58:22.000Z","494","finished","8.07066838934843","0.4","192","0.0002144812887165353","0.000013381244031378397","0.7613333333333333","0.7814407814407814","0.5509463051954905","0.8349641226353555","0.6843899113837764","0.8231428571428572","0.842933265668612","0.4482974165252277","0.9014925373134328","0.7360482654600302"
"lucky-sweep-121","jbbvi8as","2025-01-21T09:50:02.000Z","712","finished","5.265692751093071","0.8","192","0.00012013501471899034","0.00009057648446570664","0.7576666666666667","0.7234689996196272","0.5179506788651148","0.6203522504892368","0.9011588275391956","0.8041428571428572","0.7795465508924264","0.4050092867442539","0.6578018995929443","0.9668174962292608"
"feasible-sweep-120","jbbvi8as","2025-01-21T09:38:01.000Z","452","finished","5.409433908430929","0.5","192","0.00022707207689926277","0.0007112468652896524","0.7413333333333333","0.7790432801822323","0.6199294378360113","0.8923679060665362","0.5835037491479209","0.7842857142857143","0.8220598633042658","0.5092194506100246","0.946540027137042","0.6039215686274509"
"glamorous-sweep-119","jbbvi8as","2025-01-21T09:30:24.000Z","666","finished","7.0554247742310245","0.8","192","0.00011621577955450272","0.0004164475874559514","0.7466666666666667","0.697452229299363","0.563673123717308","0.5714285714285714","0.9297886843899114","0.7791428571428571","0.7412985274431058","0.45810189630304066","0.6010854816824966","0.9770739064856712"
"peach-sweep-118","jbbvi8as","2025-01-21T09:19:10.000Z","582","finished","6.879010231528735","0.8","256","0.00010684596271096692","0.00011104564129540645","0.73","0.674175382139984","0.557101845741272","0.5466405740378343","0.9216087252897068","0.7434285714285714","0.6873259052924791","0.5039475975292069","0.5356852103120759","0.9743589743589745"
"bright-sweep-117","jbbvi8as","2025-01-21T09:09:20.000Z","516","finished","8.865478361588098","0.8","320","0.0004543652771474226","0.000052015453055060904","0.739","0.7202572347266881","0.5425503080089887","0.6575342465753424","0.8241308793456033","0.8145714285714286","0.8059790732436473","0.40305190639836447","0.7316146540027137","0.906787330316742"
"sunny-sweep-116","jbbvi8as","2025-01-21T09:00:35.000Z","954","finished","7.233919044732534","0.5","320","0.00005343576207611635","0.000018719444584015227","0.7366666666666667","0.6956856702619415","0.5300343483686447","0.589041095890411","0.89093387866394","0.7842857142857143","0.7513994073098452","0.43938884351934704","0.6192672998643148","0.9677224736048264"
"wandering-sweep-115","jbbvi8as","2025-01-21T08:44:33.000Z","49","finished","6.182919104275561","0.8","192","0.0008079673776473027","0.00004331877685775805","0.511","0.6763732627399074","0.6923200339078903","1","0","0.5264285714285715","0.6897519887693028","0.6908748128584453","1","0"
"dashing-sweep-114","jbbvi8as","2025-01-21T08:43:39.000Z","651","finished","7.700022352089913","0.5","192","0.00015954095079818986","0.00013993098591135472","0.7623333333333333","0.7465339495200853","0.49167097359895706","0.684931506849315","0.8432174505794138","0.8428571428571429","0.8380447585394581","0.3607523590326309","0.7723202170963365","0.9212669683257918"
"vivid-sweep-113","jbbvi8as","2025-01-21T08:32:40.000Z","530","finished","6.337457799930869","0.5","320","0.00026620106310533057","0.0000682203998487371","0.7266666666666667","0.6826625386996904","0.5619118188818296","0.5753424657534246","0.8847989093387867","0.7931428571428571","0.7637075718015666","0.4313605321305139","0.6350067842605156","0.9689291101055808"
"stoic-sweep-112","jbbvi8as","2025-01-21T08:23:44.000Z","522","finished","4.801503190562819","0.4","256","0.00011619298303285437","0.00044445350167017386","0.7816666666666666","0.7833278200463116","0.5061281969149908","0.7723418134377038","0.7914110429447853","0.8382857142857143","0.8434301521438451","0.4123529813119343","0.8274084124830393","0.8503770739064856"
"comfy-sweep-111","jbbvi8as","2025-01-21T08:14:55.000Z","865","finished","4.241429074851126","0.8","128","0.00005474863550311257","0.00008371337496128175","0.7336666666666667","0.7149482697110239","0.5459377318620682","0.6536203522504892","0.8173142467620995","0.779","0.7636363636363637","0.5051055944391659","0.6781546811397557","0.8911010558069382"
"trim-sweep-110","jbbvi8as","2025-01-21T08:00:21.000Z","647","finished","7.580700722138725","0.4","320","0.00012580217792190177","0.000016958938428125842","0.7533333333333333","0.7793679189028027","0.5614185829957327","0.852576647097195","0.6496250852079073","0.8157142857142857","0.8378989695903494","0.4594175953950201","0.9047489823609226","0.7167420814479638"
"eternal-sweep-109","jbbvi8as","2025-01-21T07:49:26.000Z","524","finished","3.5330008700327684","0.6","192","0.0002113754783137982","0.00004695422758704087","0.749","0.7646139418568303","0.5404293735822042","0.7977821265492498","0.6980231765507839","0.8292857142857143","0.8461043142305216","0.4238855210798127","0.8914518317503393","0.7601809954751131"
"floral-sweep-108","jbbvi8as","2025-01-21T07:40:34.000Z","892","finished","6.924672613842353","0.4","128","0.00005433533841456528","0.000018710265729746836","0.75","0.7673697270471465","0.5686317185560862","0.806914546640574","0.6905248807089298","0.8011428571428572","0.8140032068412614","0.48842867570264","0.8265943012211668","0.7728506787330317"
"dainty-sweep-107","jbbvi8as","2025-01-21T07:25:36.000Z","466","finished","7.117486422360251","0.6","192","0.0004250987078372745","0.0004731434801292335","0.7536666666666667","0.7206049149338374","0.5216196129719416","0.6216568819308546","0.8916155419222904","0.8308571428571428","0.8151732750546363","0.3670405958380018","0.7085481682496608","0.9668174962292608"
"apricot-sweep-106","jbbvi8as","2025-01-21T07:17:43.000Z","725","finished","7.220961874057066","0.5","192","0.00010593228123588846","0.0002100185761403882","0.7563333333333333","0.7476700034518468","0.4764415050546328","0.7064579256360078","0.8084526244035446","0.8431428571428572","0.8419689119170984","0.37105347216129303","0.7937584803256446","0.8980392156862745"
"atomic-sweep-105","jbbvi8as","2025-01-21T07:05:28.000Z","672","finished","6.7267844700918245","0.5","256","0.00008272776084748673","0.0004712548856550063","0.7506666666666667","0.7776456599286563","0.5616916492581367","0.8532289628180039","0.643490115882754","0.8137142857142857","0.8380928731065309","0.4627588636108807","0.9158751696065128","0.7001508295625942"
"jumping-sweep-104","jbbvi8as","2025-01-21T06:54:08.000Z","684","finished","3.1985293139745057","0.8","128","0.00012043906724706984","0.0002177041298587544","0.7106666666666667","0.7610132158590308","0.6386510481437048","0.9015003261578604","0.5112474437627812","0.7784285714285715","0.8172068355922215","0.5187964705484254","0.9408412483039348","0.5978883861236802"
"smooth-sweep-103","jbbvi8as","2025-01-21T06:42:34.000Z","749","finished","4.493688179716582","0.4","192","0.00010404544766910124","0.00027330024360682636","0.7593333333333333","0.7364963503649635","0.4836910367012024","0.6581865622961514","0.8650306748466258","0.8295714285714286","0.8168278826961461","0.3766395109040396","0.7218453188602443","0.9493212669683256"
"worldly-sweep-102","jbbvi8as","2025-01-21T06:30:00.000Z","502","finished","5.128812436931472","0.4","192","0.0002193195997872196","0.000029371992838268332","0.7596666666666667","0.7545114061967995","0.5172887519001961","0.7227658186562296","0.798227675528289","0.8331428571428572","0.835307388606881","0.3980313539505005","0.8037991858887381","0.8657616892911011"
"wild-sweep-101","jbbvi8as","2025-01-21T06:21:29.000Z","345","finished","3.454729869405","0.5","192","0.000728262009848151","0.0006824543570713382","0.6353333333333333","0.5434056761268782","0.6173529128233591","0.4246575342465753","0.8554873892297206","0.686","0.6198547215496368","0.5650666228362492","0.4862957937584803","0.9079939668174962"
"divine-sweep-100","jbbvi8as","2025-01-21T06:15:39.000Z","441","finished","7.724249654360704","0.8","128","0.00024357153523899927","0.0008894411236503867","0.739","0.7083798882681565","0.5377463971575102","0.6203522504892368","0.8629856850715747","0.7891428571428571","0.7659372026641293","0.442079158765929","0.655359565807327","0.9378582202111614"
"radiant-sweep-99","jbbvi8as","2025-01-21T06:08:09.000Z","616","finished","4.146543721853495","0.4","256","0.00010763210015674908","0.000019573382390132176","0.758","0.7822435512897421","0.5616048077742258","0.8506196999347684","0.6612133605998637","0.8207142857142857","0.8433012860531902","0.4359895480530603","0.9164179104477612","0.7143288084464555"
"autumn-sweep-98","jbbvi8as","2025-01-21T05:57:46.000Z","510","finished","4.756692315811401","0.6","128","0.00019093574240707032","0.00005190114733703653","0.758","0.7445460942997889","0.5261189341545105","0.690150032615786","0.8289025221540559","0.8161428571428572","0.8072487644151565","0.4238074240939958","0.7313432835820896","0.9104072398190044"
"winter-sweep-97","jbbvi8as","2025-01-21T05:49:06.000Z","933","finished","4.775999259772003","0.4","320","0.0000612490866717492","0.0003004292501865845","0.7516666666666667","0.7756699789220114","0.5415551240245501","0.8401826484018264","0.6591683708248125","0.8414285714285714","0.8584544758990054","0.41313400651727405","0.9134328358208956","0.7613876319758672"
"earnest-sweep-96","jbbvi8as","2025-01-21T05:33:23.000Z","313","finished","3.488950455936255","0.4","128","0.0006330193532639624","0.00016113519608804963","0.7376666666666667","0.7174147217235188","0.5247690081596375","0.6516634050880626","0.8275391956373551","0.8084285714285714","0.7931513188338732","0.4141239385519709","0.6976933514246947","0.931523378582202"
"vital-sweep-95","jbbvi8as","2025-01-21T05:28:00.000Z","365","finished","7.47200021237146","0.4","256","0.0005025155037043826","0.0004023236418327116","0.7463333333333333","0.7482633145881574","0.5691109150648117","0.7377690802348337","0.7552828902522154","0.7572857142857143","0.76261003213637","0.5456225510154452","0.7405698778833107","0.7758672699849171"
"dazzling-sweep-94","jbbvi8as","2025-01-21T05:21:50.000Z","66","finished","4.385059319297644","0.8","256","0.000257128204423808","0.00005013929174722605","0.5043333333333333","0.6699223085460599","0.6907201906045278","0.9843444227005872","0.0027266530334015","0.5131428571428571","0.6779436779436779","0.6908661084515708","0.9734056987788332","0.0015082956259426848"
"fluent-sweep-93","jbbvi8as","2025-01-21T05:20:37.000Z","670","finished","6.184493934716993","0.5","128","0.00014929269810945236","0.0001884564981102718","0.7586666666666667","0.7436260623229461","0.5047114665309588","0.684931506849315","0.8357191547375596","0.8178571428571428","0.8091603053435115","0.4072948683585439","0.7335142469470828","0.9116138763197588"
"deep-sweep-92","jbbvi8as","2025-01-21T05:09:21.000Z","670","finished","8.11926811098892","0.8","192","0.00011749662486696858","0.00010889159014425616","0.7683333333333333","0.7738366417181907","0.5074595957994461","0.7756033920417482","0.7607361963190185","0.8392857142857143","0.8497395485508215","0.3976384454539844","0.8632293080054274","0.8126696832579186"
"young-hill-371","jbbvi8as","2025-01-21T04:58:03.000Z","814","finished","6.77005102466259","0.4","256","0.00006481547488693897","0.00004514032162872057","0.7786666666666666","0.7779264214046823","0.4988410025835037","0.7586431833007176","0.7995910020449898","0.8298571428571428","0.8331699117523462","0.3976082567657743","0.8070556309362279","0.8552036199095022"
"robust-sweep-90","jbbvi8as","2025-01-21T04:44:18.000Z","714","finished","7.036733127657035","0.6","192","0.00009601052800695036","0.0004277736544273962","0.774","0.7863894139886578","0.5074831967552503","0.8140900195694716","0.7321063394683026","0.8444285714285714","0.8562755708063877","0.3859714780535017","0.8803256445047489","0.8045248868778281"
"ethereal-sweep-89","jbbvi8as","2025-01-21T04:32:16.000Z","648","finished","3.269366347592112","0.8","256","0.00007947565501604732","0.00006329924872448718","0.7703333333333333","0.7752039151712887","0.5174462224046389","0.7749510763209393","0.765507839127471","0.809","0.8170247707677569","0.4365828463009426","0.8100407055630936","0.807843137254902"
"skilled-sweep-88","jbbvi8as","2025-01-21T04:21:19.000Z","714","finished","7.109262884492492","0.4","256","0.00009895951611675776","0.0003605559400206474","0.7823333333333333","0.7841322314049587","0.49734919518232346","0.7736464448793215","0.7914110429447853","0.8484285714285714","0.8533112124982718","0.37030745084796635","0.837449118046133","0.860633484162896"
"rose-sweep-87","jbbvi8as","2025-01-21T04:09:17.000Z","64","finished","8.35632109932062","0.6","256","0.00027879925353733396","0.00002689897785127665","0.6566666666666666","0.5446507515473032","0.6896373728911082","0.4018264840182648","0.9229720518064076","0.6295714285714286","0.495819560567762","0.691115602850914","0.34599728629579374","0.9447963800904976"
"cool-sweep-86","jbbvi8as","2025-01-21T04:08:06.000Z","198","finished","5.422715460251919","0.8","128","0.0009110441694050956","0.0008001641235814974","0.6243333333333333","0.5616491637495138","0.656878337264061","0.4709719504240052","0.7845944103612815","0.6594285714285715","0.585391304347826","0.6404197194746563","0.45671641791044776","0.8847662141779788"
"solar-sweep-85","jbbvi8as","2025-01-21T04:04:41.000Z","480","finished","8.82112997593645","0.4","320","0.0004072785147718105","0.000020849269106707648","0.7423333333333333","0.7412119183126883","0.5365885520974795","0.7221135029354208","0.7634628493524199","0.8268571428571428","0.8341543513957307","0.4299167703304972","0.8271370420624152","0.8265460030165912"
"different-sweep-84","jbbvi8as","2025-01-21T03:56:34.000Z","1008","finished","3.7570369058704864","0.8","320","0.00006084078035924241","0.000020820778904998457","0.7683333333333333","0.7722058341527368","0.5109216620524725","0.7684279191128506","0.7682344921608726","0.8451428571428572","0.8508120011010184","0.3658960844789232","0.8388059701492537","0.8521870286576169"
"swept-sweep-83","jbbvi8as","2025-01-21T03:39:37.000Z","950","finished","3.575306798437089","0.8","192","0.00005002783668739275","0.00010154908299907078","0.76","0.7565922920892495","0.5002701357007027","0.7299412915851272","0.7914110429447853","0.8242857142857143","0.8242857142857143","0.4154297539166042","0.7829036635006784","0.8702865761689291"
"deft-sweep-82","jbbvi8as","2025-01-21T03:23:39.000Z","596","finished","7.853728375852243","0.8","128","0.00014652944800379965","0.00013325753895311113","0.7503333333333333","0.7372851631006664","0.526822937031587","0.685583822570124","0.8179959100204499","0.8045714285714286","0.796367966656743","0.4252646767667362","0.7259158751696065","0.8920060331825038"
"neat-sweep-81","jbbvi8as","2025-01-21T03:13:37.000Z","492","finished","6.899715775160663","0.6","192","0.00029622894730922856","0.000014717624126412788","0.774","0.793418647166362","0.534593311448892","0.8493150684931506","0.6952965235173824","0.8421428571428572","0.8580968280467446","0.3997430641736303","0.9066485753052916","0.7704374057315234"
"fresh-sweep-80","jbbvi8as","2025-01-21T03:05:16.000Z","48","finished","4.8854572543506505","0.8","256","0.0006168052471514882","0.0009544836256534032","0.511","0.6763732627399074","0.6930014491081238","1","0","0.5264285714285715","0.6897519887693028","0.6913485995360783","1","0"
"warm-sweep-79","jbbvi8as","2025-01-21T03:04:23.000Z","710","finished","6.489860825399336","0.8","320","0.00013273042197331343","0.000010146770433402296","0.7516666666666667","0.7375836562169779","0.506519024570783","0.6829745596868885","0.8234492160872529","0.8312857142857143","0.8267566378172216","0.3727887506995882","0.7647218453188602","0.9052790346907994"
"clean-sweep-78","jbbvi8as","2025-01-21T02:52:28.000Z","389","finished","8.882275863907605","0.6","128","0.0003934257113656592","0.000029667120046499473","0.7593333333333333","0.7681438664097624","0.5447483956813812","0.7801696020874103","0.7375596455351057","0.8342857142857143","0.8412698412698413","0.413659285221781","0.8341926729986432","0.8343891402714932"
"solar-sweep-77","jbbvi8as","2025-01-21T02:45:53.000Z","61","finished","7.090495677429628","0.4","256","0.0007681885998618788","0.00002158349175892608","0.511","0.6763732627399074","0.6930161366860071","1","0","0.5264285714285715","0.6897519887693028","0.691315770149231","1","0"
"charmed-sweep-76","jbbvi8as","2025-01-21T02:44:43.000Z","591","finished","3.485525066086569","0.6","128","0.00013839537215966618","0.0001544305343173062","0.76","0.769378603459321","0.5199138596653938","0.7834311806914547","0.7355146557600545","0.8218571428571428","0.8312356205169847","0.42166794517210554","0.8333785617367707","0.8090497737556561"
"chocolate-sweep-75","jbbvi8as","2025-01-21T02:34:47.000Z","856","finished","5.403948905011186","0.4","192","0.00005537959698960439","0.00004197809013658805","0.7466666666666667","0.7254335260115607","0.49563072125116986","0.6549249836921069","0.8425357873210634","0.8032857142857143","0.7905066179826563","0.4194504735725267","0.7050203527815468","0.9125188536953244"
"ancient-sweep-74","jbbvi8as","2025-01-21T02:20:23.000Z","889","finished","7.994174890604873","0.5","128","0.00007740495431693371","0.00001844414224907678","0.7593333333333333","0.748432055749129","0.5148337706923485","0.700587084148728","0.8207225630538514","0.8084285714285714","0.8001192428081682","0.4266908328448023","0.7283582089552239","0.8974358974358975"
"unique-sweep-73","jbbvi8as","2025-01-21T02:05:24.000Z","766","finished","4.611058201463748","0.6","320","0.00014172223545143517","0.0008428899246792518","0.767","0.7784469096671949","0.5437911748886108","0.8010437051532941","0.7314246762099523","0.8568571428571429","0.8660785886126704","0.3607049946274076","0.8792401628222524","0.831975867269985"
"jumping-sweep-72","jbbvi8as","2025-01-21T01:52:29.000Z","393","finished","3.2775715020663525","0.4","256","0.0006538780502053686","0.0001823633782807245","0.595","0.42280285035629456","0.6548209190368652","0.2902804957599478","0.9134287661895024","0.6034285714285714","0.4288065843621399","0.6395094458545957","0.2827679782903664","0.9598793363499246"
"feasible-sweep-71","jbbvi8as","2025-01-21T01:45:48.000Z","443","finished","3.5326277377593795","0.6","192","0.0007218410269161277","0.000032171975421076525","0.7616666666666667","0.7607895617263298","0.5719953924417496","0.7416829745596869","0.7825494205862304","0.8832857142857143","0.8850752567168378","0.2936454734631947","0.8537313432835821","0.9161387631975868"
"smooth-sweep-70","jbbvi8as","2025-01-21T01:38:20.000Z","790","finished","3.305767548364214","0.6","128","0.00013265897215997984","0.00005171107588035738","0.7563333333333333","0.770774537472562","0.5346503034234047","0.8016960208741031","0.7089297886843899","0.8394285714285714","0.8503328894806924","0.3828021309205464","0.8664857530529172","0.8093514328808447"
"royal-sweep-69","jbbvi8as","2025-01-21T01:25:01.000Z","535","finished","3.321026810407488","0.5","128","0.00025541472925587615","0.00004205533212550882","0.753","0.7812223206377326","0.6259214828411738","0.863013698630137","0.6380368098159509","0.8375714285714285","0.8571428571428571","0.4175672371472631","0.9256445047489824","0.7396681749622926"
"charmed-sweep-68","jbbvi8as","2025-01-21T01:15:57.000Z","897","finished","8.038358220896386","0.4","128","0.00006111389509458821","0.0003494458280570312","0.7446666666666667","0.7658924205378973","0.5659464870889982","0.817351598173516","0.6687116564417178","0.8082857142857143","0.8249412992434124","0.4752842698778425","0.8580732700135685","0.7529411764705882"
"comfy-sweep-67","jbbvi8as","2025-01-21T01:00:54.000Z","561","finished","6.810229542346493","0.5","192","0.00024017377611274768","0.00004446502921976531","0.7636666666666667","0.751837591879594","0.511828122039636","0.700587084148728","0.8295841854124063","0.8475714285714285","0.84654106141234","0.3650993949600628","0.7986431478968793","0.9019607843137256"
"happy-sweep-66","jbbvi8as","2025-01-21T00:51:24.000Z","508","finished","7.506436294618525","0.6","320","0.0004163493998850555","0.000024963809432855735","0.7626666666666667","0.756331279945243","0.5315059547622999","0.720808871493803","0.8064076346284935","0.8382857142857143","0.841545352743561","0.4078861666577203","0.8157394843962008","0.8633484162895928"
"flowing-sweep-65","jbbvi8as","2025-01-21T00:42:49.000Z","464","finished","4.780584182528926","0.6","320","0.0004688220147830876","0.00001032290799911676","0.7213333333333334","0.7616875712656784","0.6011616140604019","0.8714938030006523","0.5644171779141104","0.7887142857142857","0.8200511011071907","0.4995383769273758","0.914518317503392","0.648868778280543"
"desert-sweep-64","jbbvi8as","2025-01-21T00:34:56.000Z","934","finished","4.979440345513119","0.8","192","0.00007844114996487158","0.0006061967644776631","0.766","0.7368815592203898","0.5248592992623647","0.6412263535551207","0.896387184730743","0.8117142857142857","0.7899266815428754","0.3897855633071491","0.6724559023066485","0.9665158371040724"
"woven-sweep-63","jbbvi8as","2025-01-21T00:19:14.000Z","54","finished","3.3515985576848433","0.8","256","0.0004685540986374525","0.00003219532003337398","0.511","0.6763732627399074","0.6927443643411001","1","0","0.5264285714285715","0.6897519887693028","0.6913848923785346","1","0"
"radiant-sweep-62","jbbvi8as","2025-01-21T00:18:11.000Z","827","finished","7.258477394258983","0.8","192","0.00008540962301363281","0.000034808964134648626","0.7626666666666667","0.7597840755735492","0.4884554843107859","0.7345075016307893","0.7920927062031357","0.8484285714285714","0.8522901294723653","0.3725331255367824","0.8306648575305292","0.8681749622926094"
"golden-sweep-61","jbbvi8as","2025-01-21T00:04:14.000Z","598","finished","5.6072537625883525","0.8","192","0.00017488450038862224","0.0004862997612387699","0.7713333333333333","0.7772727272727272","0.5203798611958822","0.7808219178082192","0.7614178595773687","0.8421428571428572","0.8537779542146354","0.3855321162513325","0.8754409769335142","0.8051282051282052"
"rich-sweep-60","jbbvi8as","2025-01-20T23:54:09.000Z","642","finished","3.4434695195027443","0.4","192","0.00010096435749647953","0.0002053008392280331","0.7583333333333333","0.7303830420230569","0.4921770319342613","0.6405740378343118","0.8813905930470347","0.7954285714285714","0.774061218049858","0.422738967197282","0.6656716417910448","0.9396681749622926"
"exalted-sweep-59","jbbvi8as","2025-01-20T23:43:20.000Z","413","finished","4.467876568402787","0.6","192","0.00030346123273354423","0.00003556664131857556","0.7396666666666667","0.7069418386491557","0.5310000206033388","0.6144814090019569","0.8704839809134287","0.7927142857142857","0.7682478837246446","0.4313958468181746","0.6526458616010855","0.94841628959276"
"fast-sweep-58","jbbvi8as","2025-01-20T23:36:22.000Z","426","finished","6.968985210477669","0.6","192","0.0002806214639360436","0.000053798283477449795","0.7466666666666667","0.7226277372262774","0.520869625111421","0.6457925636007827","0.8520790729379687","0.8067142857142857","0.7962042476276547","0.4294727231775011","0.7172320217096336","0.906184012066365"
"robust-sweep-57","jbbvi8as","2025-01-20T23:29:08.000Z","894","finished","4.836530447322349","0.5","128","0.000054107956488200406","0.00011759373228320224","0.749","0.7593480345158198","0.5571563839912415","0.7749510763209393","0.721881390593047","0.7922857142857143","0.8009854913769504","0.4918023943901062","0.7940298507462686","0.7903469079939668"
"expert-sweep-56","jbbvi8as","2025-01-20T23:14:09.000Z","666","finished","8.050318583283111","0.6","256","0.00009375711225995067","0.00038503342874439146","0.7556666666666667","0.7880890430760336","0.5872897878289223","0.8891063274624919","0.6162235855487389","0.8135714285714286","0.8408342480790341","0.46089975855180193","0.935413839891452","0.6781297134238311"
"peach-sweep-55","jbbvi8as","2025-01-20T23:02:54.000Z","718","finished","7.192270080951758","0.8","128","0.00013691049912255588","0.00004797665988904753","0.754","0.7339581831290555","0.5131962696711222","0.6640574037834311","0.8479890933878664","0.8065714285714286","0.793029654539896","0.4134537886296","0.7039348710990502","0.9206636500754148"
"blooming-sweep-54","jbbvi8as","2025-01-20T22:50:47.000Z","53","finished","7.918247649940847","0.5","256","0.0009992556086422944","0.00021227603572558204","0.511","0.6763732627399074","0.6933228621880213","1","0","0.5264285714285715","0.6897519887693028","0.6916322005646569","1","0"
"fresh-sweep-53","jbbvi8as","2025-01-20T22:49:48.000Z","60","finished","6.3121581607570185","0.8","320","0.00039263536159800264","0.00005228486690038153","0.511","0.6763732627399074","0.6895733674367269","1","0","0.5264285714285715","0.6897519887693028","0.689152866601944","1","0"
"eternal-sweep-52","jbbvi8as","2025-01-20T22:48:41.000Z","746","finished","6.536420394804203","0.6","256","0.00008577813739810355","0.00006858164548504748","0.7706666666666667","0.7572335920959774","0.488733634352684","0.6999347684279191","0.8445807770961146","0.8302857142857143","0.8241563055062167","0.38893287416015354","0.755495251017639","0.91342383107089"
"firm-sweep-51","jbbvi8as","2025-01-20T22:36:07.000Z","453","finished","4.359313423173341","0.4","320","0.0004165492529699214","0.000015749590912685582","0.5136666666666667","0.6598274656096992","0.6049974213043848","0.9230267449445532","0.08588957055214724","0.5462857142857143","0.692188408606319","0.5392305329442024","0.9690637720488466","0.07631975867269986"
"crimson-sweep-50","jbbvi8as","2025-01-20T22:28:29.000Z","703","finished","8.044579816471728","0.6","128","0.00013809673541832857","0.000026287982861729213","0.7493333333333333","0.7302725968436155","0.5134623274207115","0.6640574037834311","0.8384458077709611","0.811","0.7957387679481241","0.408920882003648","0.6993215739484396","0.9351432880844646"
"eager-sweep-49","jbbvi8as","2025-01-20T22:16:38.000Z","463","finished","5.390310367087243","0.5","256","0.00013396202352630688","0.00002447428675767632","0.7453333333333333","0.7134283570892723","0.5055912757913271","0.6203522504892368","0.8759372869802318","0.7817142857142857","0.7537866580728327","0.4530385945524488","0.6347354138398914","0.9450980392156862"
"grateful-sweep-48","jbbvi8as","2025-01-20T22:08:49.000Z","770","finished","5.949187993128759","0.8","256","0.00007684064233162515","0.00027050859329067834","0.7556666666666667","0.735474557921328","0.49670112629731494","0.6647097195042401","0.8507157464212679","0.8178571428571428","0.8056106113736851","0.3963998854160309","0.7169606512890095","0.9300150829562596"
"fearless-sweep-47","jbbvi8as","2025-01-20T21:55:50.000Z","714","finished","7.972208855794535","0.6","320","0.00017404541979608557","0.000011943274277831337","0.7776666666666666","0.783511846802986","0.5365621075034142","0.7873450750163079","0.7675528289025222","0.8487142857142858","0.8551893887597429","0.3697190337947437","0.8485753052917232","0.848868778280543"
"morning-sweep-46","jbbvi8as","2025-01-20T21:43:52.000Z","862","finished","6.4868799230370655","0.4","128","0.000055202816871101656","0.00021683919582595073","0.7373333333333333","0.7603406326034063","0.5762330740690231","0.8153946510110893","0.6557600545330606","0.7957142857142857","0.8130230125523012","0.4964279777237347","0.8436906377204885","0.7423831070889895"
"volcanic-sweep-45","jbbvi8as","2025-01-20T21:29:23.000Z","864","finished","4.083682603783748","0.4","128","0.00006896996809810671","0.0005227378672789165","0.7546666666666667","0.744266851980542","0.5324200640122095","0.6986301369863014","0.8132242672119973","0.7992857142857143","0.7893868985159647","0.4456953970449312","0.7145183175033921","0.8935143288084465"
"fresh-sweep-44","jbbvi8as","2025-01-20T21:14:53.000Z","650","finished","4.122344302742748","0.5","256","0.00008730191822406781","0.00047983714485809144","0.7633333333333333","0.7453371592539455","0.49572960287332535","0.6777560339204175","0.852760736196319","0.8174285714285714","0.8057160231073275","0.40259063243865967","0.7191316146540027","0.9266968325791856"
"stellar-sweep-43","jbbvi8as","2025-01-20T21:03:58.000Z","451","finished","4.272024031733393","0.6","256","0.00018594114792122045","0.000010847566672027973","0.726","0.6639411283728537","0.5982909699281057","0.5296803652968036","0.931152010906612","0.7421428571428571","0.6818261942534815","0.5311248994299343","0.5248303934871099","0.983710407239819"
"morning-sweep-42","jbbvi8as","2025-01-20T20:56:17.000Z","78","finished","6.3109442651372625","0.8","320","0.00023928955225930695","0.0006925748575969939","0.511","0.6763732627399074","0.6894986679156622","1","0","0.5264285714285715","0.6897519887693028","0.6883052566221782","1","0"
"winter-sweep-41","jbbvi8as","2025-01-20T20:54:53.000Z","327","finished","5.366548762589794","0.4","128","0.0003710534560603987","0.00016506753550378872","0.6876666666666666","0.6077856843867727","0.5912691354751587","0.4735812133072407","0.9113837764144512","0.7267142857142858","0.6574753804834378","0.5346946620515415","0.498236092265943","0.9806938159879336"
"quiet-sweep-40","jbbvi8as","2025-01-20T20:49:21.000Z","784","finished","5.663861331707701","0.6","192","0.00006868613552788905","0.00003096089405241972","0.7533333333333333","0.7706137631742096","0.532229113082091","0.8108284409654273","0.6932515337423313","0.8332857142857143","0.8485399091499026","0.4216991535254887","0.8871099050203528","0.7734539969834088"
"avid-sweep-39","jbbvi8as","2025-01-20T20:36:12.000Z","57","finished","7.467358639049914","0.8","256","0.000327797121448798","0.00011120674970424038","0.511","0.6763732627399074","0.6918749610582987","1","0","0.5264285714285715","0.6897519887693028","0.6909402906894684","1","0"
"wandering-sweep-38","jbbvi8as","2025-01-20T20:35:08.000Z","828","finished","4.85842379654569","0.8","320","0.00009875232221149428","0.0003966161043531148","0.7733333333333333","0.762071378586424","0.506768561899662","0.7103718199608611","0.8391274710293115","0.8494285714285714","0.8467577784239605","0.34298864752054214","0.7902306648575306","0.9152337858220212"
"snowy-sweep-37","jbbvi8as","2025-01-20T20:21:12.000Z","64","finished","3.3721440143162966","0.4","256","0.00035609499797267693","0.0004154448852602802","0.691","0.6489965921999242","0.6898718078931173","0.5590345727332029","0.8289025221540559","0.6924285714285714","0.6433659102203081","0.6909117613519941","0.5270013568521031","0.8763197586726998"
"kind-sweep-36","jbbvi8as","2025-01-20T20:20:02.000Z","564","finished","3.093233898564219","0.4","256","0.00027112317556458827","0.00028780878754763216","0.7583333333333333","0.731779504254532","0.5248921339710554","0.6451402478799739","0.8766189502385822","0.8385714285714285","0.8235477826358526","0.34775387070008684","0.7156037991858888","0.97526395173454"
"solar-sweep-35","jbbvi8as","2025-01-20T20:10:31.000Z","352","finished","7.59065514723475","0.4","128","0.0006386405597703326","0.0003915583232560898","0.7343333333333333","0.6963809523809524","0.5775011753042539","0.5962165688193085","0.8786639400136332","0.8127142857142857","0.7884460222688398","0.4103874979274614","0.6629579375848033","0.9791855203619908"
"breezy-sweep-34","jbbvi8as","2025-01-20T20:04:30.000Z","421","finished","3.2249452025051903","0.4","192","0.0004343444086259616","0.00011377253052571047","0.7526666666666667","0.7450171821305842","0.5264835904041926","0.7071102413568167","0.8002726653033402","0.85","0.8502567027952083","0.34617611340114046","0.808955223880597","0.8956259426847663"
"misty-sweep-33","jbbvi8as","2025-01-20T19:57:23.000Z","56","finished","3.1013727747066944","0.6","256","0.0003742415222565547","0.00011068724165902917","0.511","0.6763732627399074","0.6917022118965784","1","0","0.5264285714285715","0.6897519887693028","0.691256222980363","1","0"
"logical-sweep-32","jbbvi8as","2025-01-20T19:56:20.000Z","55","finished","8.382802001743164","0.5","256","0.0004673191524031797","0.00007123164490751675","0.511","0.6763732627399074","0.6918529123067856","1","0","0.5264285714285715","0.6897519887693028","0.6905335698808942","1","0"
"warm-sweep-31","jbbvi8as","2025-01-20T19:55:18.000Z","65","finished","5.548584623775438","0.6","256","0.00030181678764862243","0.00001906342114181863","0.652","0.5318385650224215","0.6899194121360779","0.3868232224396608","0.929107021131561","0.6177142857142857","0.46608140462889064","0.6912831706660134","0.3169606512890095","0.9520361990950226"
"gallant-sweep-30","jbbvi8as","2025-01-20T19:54:07.000Z","358","finished","6.180077599499769","0.6","320","0.0006865103141614773","0.00005200789352783054","0.498","0.657103825136612","0.6212604443232218","0.9412915851272016","0.034764826175869123","0.5262857142857142","0.6789310611928737","0.6061176615101951","0.9514246947082768","0.053695324283559574"
"chocolate-sweep-29","jbbvi8as","2025-01-20T19:48:00.000Z","145","finished","4.238056239593078","0.6","192","0.000956351669109036","0.00046062528566463023","0.511","0.6763732627399074","0.6911102881034216","1","0","0.5264285714285715","0.6897519887693028","0.6893575255359922","1","0"
"denim-sweep-28","jbbvi8as","2025-01-20T19:45:26.000Z","539","finished","5.566664245041958","0.5","320","0.0002408516610487228","0.00025445180712048036","0.7403333333333333","0.6991116261104674","0.5302933479348818","0.5903457273320287","0.8970688479890934","0.7864285714285715","0.7582079896490377","0.4327963760920933","0.6360922659430122","0.9535444947209654"
"vague-sweep-27","jbbvi8as","2025-01-20T19:36:21.000Z","56","finished","4.490532419301429","0.8","256","0.0003151971106804001","0.00022493827013633124","0.511","0.6763732627399074","0.6909785270690918","1","0","0.5264285714285715","0.6897519887693028","0.6902148276567459","1","0"
"youthful-sweep-26","jbbvi8as","2025-01-20T19:35:19.000Z","409","finished","4.219736039094111","0.4","128","0.0003220503437418982","0.00037403495051146986","0.7173333333333334","0.6738461538461539","0.5780603041251501","0.5714285714285714","0.8698023176550784","0.7714285714285715","0.7350115932427956","0.4606173666460173","0.6021709633649932","0.959577677224736"
"denim-sweep-25","jbbvi8as","2025-01-20T19:28:24.000Z","651","finished","4.117311301142055","0.5","256","0.00008701696179075614","0.00010062258093881646","0.7623333333333333","0.744718940207662","0.49407605081796646","0.6784083496412263","0.8500340831629175","0.8167142857142857","0.8039724980901451","0.4049316091196878","0.7139755766621438","0.9309200603318252"
"worldly-sweep-24","jbbvi8as","2025-01-20T19:17:25.000Z","69","finished","4.605648760150395","0.8","320","0.0003688570926924375","0.000025109920370336408","0.511","0.6763732627399074","0.6899094333251318","1","0","0.5264285714285715","0.6897519887693028","0.6888925582170486","1","0"
"lively-sweep-23","jbbvi8as","2025-01-20T19:16:07.000Z","869","finished","8.585157062970353","0.4","128","0.0000728921549529375","0.00011092824652463743","0.7576666666666667","0.7617174696820714","0.5354460378487905","0.7579908675799086","0.7573278800272665","0.8072857142857143","0.8106135055454162","0.44172187043087824","0.7834464043419267","0.8337858220211162"
"zesty-sweep-22","jbbvi8as","2025-01-20T19:01:29.000Z","791","finished","5.810878251829283","0.8","128","0.0001022077750355824","0.00001681236214500597","0.7373333333333333","0.7039819684447783","0.5313843116164207","0.6112198303979126","0.869120654396728","0.7727142857142857","0.738623295547889","0.45251332436289105","0.6100407055630936","0.9535444947209654"
"rose-sweep-21","jbbvi8as","2025-01-20T18:48:12.000Z","402","finished","6.146067497522171","0.5","128","0.00028803828923604815","0.00005007899008683987","0.7563333333333333","0.7666773060963933","0.5633188957969347","0.7834311806914547","0.7280163599182005","0.8222857142857143","0.8307482993197279","0.4240851753524372","0.828493894165536","0.8153846153846154"
"swept-sweep-20","jbbvi8as","2025-01-20T18:41:23.000Z","152","finished","3.147701497696133","0.8","192","0.000957606540955623","0.00014444100995932962","0.511","0.6763732627399074","0.6924762725830078","1","0","0.5264285714285715","0.6897519887693028","0.6922904551029205","1","0"
"firm-sweep-19","jbbvi8as","2025-01-20T18:38:43.000Z","54","finished","3.738823540577756","0.6","256","0.0005412891384005276","0.000051255165048682034","0.511","0.6763732627399074","0.692488913734754","1","0","0.5264285714285715","0.6897519887693028","0.6913384816476277","1","0"
"elated-sweep-18","jbbvi8as","2025-01-20T18:37:41.000Z","896","finished","5.901604081095834","0.8","128","0.00006661268210408215","0.000019268313432829623","0.7486666666666667","0.7607868020304569","0.554011935989062","0.7821265492498369","0.7137014314928425","0.7964285714285714","0.8065173116089613","0.48594717574971064","0.8059701492537313","0.7858220211161387"
"fiery-sweep-17","jbbvi8as","2025-01-20T18:22:39.000Z","343","finished","6.877815782038902","0.5","256","0.0006669195206459641","0.00009125148503537364","0.5036666666666667","0.668595593144892","0.6777527232964834","0.9797782126549248","0.006134969325153374","0.524","0.6857196755329183","0.6694902181625366","0.9864314789687924","0.00995475113122172"
"deft-sweep-16","jbbvi8as","2025-01-20T18:16:47.000Z","514","finished","6.88665342386448","0.6","256","0.00018690378437112825","0.000331495072886099","0.7653333333333333","0.7867958812840703","0.5637161731719971","0.8473581213307241","0.6796182685753238","0.831","0.8489722966934763","0.4225885250738689","0.9023066485753052","0.7517345399698341"
"glorious-sweep-15","jbbvi8as","2025-01-20T18:08:04.000Z","545","finished","7.124368880742263","0.8","192","0.00021719379619954555","0.00013354094508735953","0.7423333333333333","0.6864097363083165","0.5763391753037771","0.5518590998043053","0.9413769597818678","0.768","0.7240910635406048","0.47520332251276287","0.5782903663500678","0.9788838612368024"
"morning-sweep-14","jbbvi8as","2025-01-20T17:58:51.000Z","812","finished","5.703788925293329","0.5","192","0.00007737697913481844","0.0005370188420043591","0.7553333333333333","0.740084985835694","0.5000973443190256","0.6816699282452707","0.8323108384458078","0.8188571428571428","0.8071189534529967","0.3801962286233902","0.7199457259158751","0.9288084464555052"
"solar-sweep-13","jbbvi8as","2025-01-20T17:45:10.000Z","253","finished","4.026100260137012","0.4","320","0.0008157582878310101","0.000566646657619219","0.48133333333333334","0.6259615384615385","0.6563772906859716","0.8493150684931506","0.09679618268575324","0.5035714285714286","0.6473871131405378","0.6627960588250842","0.8656716417910447","0.10105580693815988"
"fiery-sweep-12","jbbvi8as","2025-01-20T17:40:52.000Z","410","finished","5.632930235661539","0.5","128","0.0004101241055936605","0.0001319730687673049","0.727","0.6910599773670313","0.5801914582649866","0.5975212002609263","0.8623040218132243","0.7931428571428571","0.7633986928104575","0.4269692174025944","0.633921302578019","0.9701357466063348"
"radiant-sweep-11","jbbvi8as","2025-01-20T17:33:56.000Z","50","finished","5.336675846066967","0.6","256","0.0009457348762525032","0.000011438343272722887","0.511","0.6763732627399074","0.6931585321823756","1","0","0.5264285714285715","0.6897519887693028","0.6913473414523261","1","0"
"efficient-sweep-10","jbbvi8as","2025-01-20T17:33:00.000Z","370","finished","3.1740945784953487","0.6","320","0.0006614934419540622","0.00006242971481025361","0.6726666666666666","0.6305492851768246","0.6409878035386404","0.5466405740378343","0.8043626448534424","0.693","0.6563249640172717","0.6258016228675842","0.5568521031207598","0.8443438914027149"
"twilight-sweep-9","jbbvi8as","2025-01-20T17:26:45.000Z","395","finished","7.216254961961464","0.4","128","0.00030795069768691766","0.00003251414747572924","0.7213333333333334","0.7566938300349243","0.6243903984626135","0.8480104370515329","0.588957055214724","0.8057142857142857","0.8300849575212393","0.4891756379178592","0.9014925373134328","0.6992458521870286"
"visionary-sweep-8","jbbvi8as","2025-01-20T17:20:02.000Z","582","finished","8.450226635099863","0.6","128","0.00017944315432432106","0.000025029598807350975","0.756","0.7862149532710281","0.6058371365070343","0.878016960208741","0.6284935241990457","0.8272857142857143","0.8492330714552937","0.4416958902563368","0.9240162822252376","0.7197586726998492"
"glad-sweep-7","jbbvi8as","2025-01-20T17:10:14.000Z","891","finished","6.892992179986117","0.6","192","0.00005950432315135078","0.000010961881473408216","0.759","0.7388949079089924","0.494150310754776","0.6673189823874756","0.8548057259713702","0.8155714285714286","0.8032911778150236","0.3983557607446398","0.7153324287652646","0.926998491704374"
"confused-sweep-6","jbbvi8as","2025-01-20T16:55:18.000Z","876","finished","5.331552343052138","0.5","192","0.00005592481442311459","0.0005948781756655995","0.752","0.7363571934798016","0.4987404445807139","0.6777560339204175","0.8295841854124063","0.8104285714285714","0.8027352460234874","0.40076096781662535","0.7327001356852103","0.8968325791855204"
"fallen-sweep-5","jbbvi8as","2025-01-20T16:40:37.000Z","733","finished","5.087078535920138","0.6","320","0.0001130781817318042","0.000023813705198450044","0.7536666666666667","0.7336936936936936","0.5096963867545128","0.6640574037834311","0.847307430129516","0.8264285714285714","0.815657715065999","0.37894071745021","0.7294436906377205","0.934238310708899"
"honest-sweep-4","jbbvi8as","2025-01-20T16:28:18.000Z","312","finished","7.964695675465712","0.4","128","0.0009226469473747048","0.0007229436382659512","0.7073333333333334","0.6676760030280091","0.5730082069834074","0.5753424657534246","0.8452624403544649","0.7488571428571429","0.7080704085021587","0.49003898565258297","0.578561736770692","0.93815987933635"
"summer-sweep-3","jbbvi8as","2025-01-20T16:22:57.000Z","964","finished","6.674136128300498","0.4","320","0.0000585712441836838","0.00006290496082924831","0.767","0.7532650900105895","0.4907243127624194","0.6960208741030659","0.8411724608043627","0.8308571428571428","0.8240190249702735","0.3609942687409265","0.7522388059701492","0.9182503770739064"
"quiet-sweep-2","jbbvi8as","2025-01-20T16:06:46.000Z","55","finished","8.613307662167006","0.5","256","0.0005893196493311904","0.0006531391686157714","0.511","0.6763732627399074","0.6922705322504044","1","0","0.5264285714285715","0.6897519887693028","0.6913254537752697","1","0"
"comfy-sweep-1","jbbvi8as","2025-01-20T15:54:31.000Z","339","finished","4.079041155668612","0.6","320","0.0008519280443386932","0.00010837455814741752","0.569","0.316234796404019","0.6616937667131424","0.19504240052185257","0.959781867757328","0.5912857142857143","0.3929556545724592","0.6549755441290992","0.25128900949796473","0.9692307692307692"
"easy-sweep-111","tr8mwg42","2025-01-16T10:00:55.000Z","113","finished","4.907781220367518","0.2","128","0.005154436174204434","0.00001681425870548816","0.511","0.6763732627399074","0.6935252994298935","1","0","0.5264285714285715","0.6897519887693028","0.691563504082816","1","0"
"proud-sweep-110","tr8mwg42","2025-01-16T09:58:57.000Z","57","finished","8.182464654815643","0.5","256","0.0004653683597676076","0.00034717414502426257","0.511","0.6763732627399074","0.6918032219012579","1","0","0.5264285714285715","0.6897519887693028","0.690581847514425","1","0"
"driven-sweep-109","tr8mwg42","2025-01-16T09:57:55.000Z","46","finished","5.293345292908896","0.2","192","0.0023132220795701","0.000013111523885543936","0.511","0.6763732627399074","0.6932433942953745","1","0","0.5264285714285715","0.6897519887693028","0.6917316168546677","1","0"
"usual-sweep-108","tr8mwg42","2025-01-16T09:57:01.000Z","863","finished","3.969781636368859","0.5","64","0.00010594207509688257","0.000019059646712702553","0.752","0.7242401779095626","0.497037336230278","0.6373124592302675","0.8718473074301295","0.7778571428571428","0.7568412822517592","0.4495184932436262","0.6567164179104478","0.9125188536953244"
"good-sweep-107","tr8mwg42","2025-01-16T09:42:29.000Z","606","finished","3.481191583337","0.6","256","0.00019570445206783932","0.007658008905573135","0.5243333333333333","0.6685249709639953","0.6676314125458399","0.938682322243966","0.09134287661895024","0.575","0.7092170853289024","0.5218994276864188","0.9845318860244232","0.11975867269984918"
"toasty-sweep-106","tr8mwg42","2025-01-16T09:32:15.000Z","79","finished","4.034484677167942","0.4","64","0.007426435423513256","0.0032719548959133093","0.511","0.6763732627399074","0.6929456243912379","1","0","0.5264285714285715","0.6897519887693028","0.6926064044237137","1","0"
"legendary-sweep-105","tr8mwg42","2025-01-16T09:30:46.000Z","62","finished","6.1503078251376655","0.4","256","0.0009620088943634712","0.0003385172562416507","0.511","0.6763732627399074","0.6931769847869873","1","0","0.5264285714285715","0.6897519887693028","0.6915563068219593","1","0"
"peach-sweep-104","tr8mwg42","2025-01-16T09:29:38.000Z","46","finished","8.17353862477162","0.8","128","0.003788490081429023","0.005862324306497937","0.511","0.6763732627399074","0.6934003631273905","1","0","0.5264285714285715","0.6897519887693028","0.6917365491390228","1","0"
"dainty-sweep-103","tr8mwg42","2025-01-16T09:28:45.000Z","80","finished","7.441653117186592","0.4","256","0.00030559703375672437","0.006378826306436868","0.511","0.6763732627399074","0.6933534493048986","1","0","0.5264285714285715","0.6897519887693028","0.6909055901425225","1","0"
"quiet-sweep-102","tr8mwg42","2025-01-16T09:27:17.000Z","59","finished","9.673842417362462","0.8","256","0.0003092542456900275","0.0000016890681284970998","0.511","0.6763732627399074","0.6918953508138657","1","0","0.5264285714285715","0.6897519887693028","0.6906169142041888","1","0"
"clean-sweep-101","tr8mwg42","2025-01-16T09:25:32.000Z","56","finished","8.407989663308605","0.8","320","0.0011624042411375018","0.008276617912021125","0.511","0.6763732627399074","0.6932621697584788","1","0","0.5264285714285715","0.6897519887693028","0.6916540371520179","1","0"
"distinctive-sweep-100","tr8mwg42","2025-01-16T09:24:27.000Z","723","finished","8.79821630855962","0.6","384","0.0000957823541577228","0.000006773844998689431","0.7376666666666667","0.6971912273951519","0.5416088104248047","0.5909980430528375","0.89093387866394","0.7637142857142857","0.7262495862297252","0.4702021128364971","0.5953867028493894","0.9508295625942684"
"unique-sweep-99","tr8mwg42","2025-01-16T09:12:14.000Z","67","finished","4.473648117375499","0.2","256","0.0004358770777557327","0.000013540982288440836","0.686","0.6466616654163541","0.6910038044055303","0.5622961513372472","0.8152692569870484","0.6828571428571428","0.6290106951871658","0.6917636394500732","0.510719131614654","0.8742081447963801"
"youthful-sweep-98","tr8mwg42","2025-01-16T09:11:01.000Z","506","finished","6.397746983371742","0.5","256","0.00021332297717825872","6.467376284387568e-7","0.7593333333333333","0.7345588235294118","0.488392395277818","0.6516634050880626","0.8718473074301295","0.8151428571428572","0.7969240426867545","0.383207231760025","0.6890094979647219","0.9553544494720966"
"swift-sweep-97","tr8mwg42","2025-01-16T09:02:29.000Z","56","finished","6.36152281095306","0.2","320","0.0018139037267519396","0.00003779926895388324","0.511","0.6763732627399074","0.6932122806708018","1","0","0.5264285714285715","0.6897519887693028","0.6916799715587071","1","0"
"worldly-sweep-96","tr8mwg42","2025-01-16T09:01:28.000Z","313","finished","3.05221392876157","0.5","64","0.0009762301722925784","0.0018656750744392517","0.7483333333333333","0.7079303675048356","0.5550604859987894","0.5968688845401174","0.9066121336059988","0.8111428571428572","0.7875281260045002","0.4034832449895995","0.6648575305291723","0.9737556561085972"
"stellar-sweep-95","tr8mwg42","2025-01-16T08:56:07.000Z","463","finished","3.296102198958612","0.5","192","0.0002434790663961453","9.029430306731008e-7","0.7656666666666667","0.7756144270667092","0.5383152738213539","0.7925636007827789","0.7375596455351057","0.8302857142857143","0.8433957289744266","0.4398315836276327","0.8681139755766621","0.788235294117647"
"glowing-sweep-94","tr8mwg42","2025-01-16T08:48:15.000Z","644","finished","4.940620409645435","0.4","128","0.00014993571669086786","0.000006523537976396814","0.759","0.7506036564332529","0.530527780453364","0.7097195042400521","0.8104976141785958","0.8244285714285714","0.8214960058097313","0.4067857648645128","0.7674355495251017","0.8877828054298642"
"bright-sweep-93","tr8mwg42","2025-01-16T08:37:25.000Z","290","finished","3.0459986322050643","0.4","64","0.0008691227768196552","0.00008890981412664134","0.767","0.7527414220021224","0.5386555219690005","0.6940639269406392","0.8432174505794138","0.8265714285714286","0.8229804607757364","0.38577466564519064","0.7658073270013569","0.8941176470588236"
"electric-sweep-92","tr8mwg42","2025-01-16T08:32:26.000Z","587","finished","3.396254768972093","0.2","64","0.00018106905955604357","0.000897759647025013","0.748","0.7065217391304348","0.5122062514225642","0.593607305936073","0.9093387866394002","0.7545714285714286","0.7203776041666666","0.4692813892449651","0.6005427408412483","0.92579185520362"
"solar-sweep-91","tr8mwg42","2025-01-16T08:22:28.000Z","398","finished","6.8306082056090895","0.2","192","0.0004393170132893734","0.000121907175145026","0.5123333333333333","0.671604938271605","0.7447257985671362","0.9758643183300716","0.02794819359236537","0.5347142857142857","0.6917179365830572","0.6355877454791751","0.9915875169606512","0.026847662141779787"
"scarlet-sweep-90","tr8mwg42","2025-01-16T08:15:44.000Z","480","finished","9.809858055828954","0.6","384","0.0004091598439413164","0.000014353766790674927","0.489","0","0.7055715918540955","0","1","0.489","0.057940479325783514","0.7009797351700919","0.029850746268656716","0.9993966817496228"
"sweet-sweep-89","tr8mwg42","2025-01-16T08:07:35.000Z","68","finished","5.249622466299435","0.4","192","0.006237636615287068","0.0003043136296784962","0.511","0.6763732627399074","0.6928996791442236","1","0","0.5264285714285715","0.6897519887693028","0.6919681131839752","1","0"
"deft-sweep-88","tr8mwg42","2025-01-16T08:06:18.000Z","89","finished","6.592257744362744","0.4","192","0.005773223182540615","0.0000014575475491455662","0.511","0.6763732627399074","0.6930562208096186","1","0","0.5264285714285715","0.6897519887693028","0.6918208960975919","1","0"
"sage-sweep-87","tr8mwg42","2025-01-16T08:04:44.000Z","185","finished","8.698439509615227","0.4","320","0.004020010241084227","0.0032647586819754674","0.511","0.6763732627399074","0.6929565270741781","1","0","0.5264285714285715","0.6897519887693028","0.6917848310300282","1","0"
"quiet-sweep-86","tr8mwg42","2025-01-16T08:01:31.000Z","514","finished","6.606614727149987","0.5","64","0.000308563746680901","0.0001860651430612783","0.7443333333333333","0.7744780946780359","0.5864715874195099","0.8590998043052838","0.6244035446489434","0.8175714285714286","0.8416615003099814","0.4462214208074978","0.9210312075983718","0.7025641025641025"
"dandy-sweep-85","tr8mwg42","2025-01-16T07:52:48.000Z","53","finished","8.620068560904055","0.4","256","0.0006261127596390542","0.00003282863758593538","0.511","0.6763732627399074","0.6924274861812592","1","0","0.5264285714285715","0.6897519887693028","0.6910143856491361","1","0"
"kind-sweep-84","tr8mwg42","2025-01-16T07:51:45.000Z","820","finished","5.606442000445716","0.5","64","0.00007843964830427241","0.003777671582553796","0.7356666666666667","0.7617903274256533","0.5540009637673696","0.827136333985649","0.6400817995910021","0.7937142857142857","0.8160978094752929","0.5169342554041317","0.8694708276797829","0.709502262443439"
"devout-sweep-83","tr8mwg42","2025-01-16T07:37:58.000Z","838","finished","3.2379950076653596","0.8","64","0.0000911856705487452","0.00008404400147797556","0.73","0.7628805620608899","0.572164515654246","0.8499673842139596","0.6046353101567825","0.7712857142857142","0.8045892835347248","0.5422254577279091","0.8944369063772049","0.6343891402714932"
"bright-sweep-82","tr8mwg42","2025-01-16T07:23:55.000Z","794","finished","5.705543791176284","0.5","192","0.00009441823473848844","0.00005043161523307884","0.7743333333333333","0.7860979462875197","0.5051203345259031","0.8114807566862361","0.7355146557600545","0.8588571428571429","0.8693812797461661","0.36102902569941114","0.8922659430122116","0.8217194570135746"
"astral-sweep-81","tr8mwg42","2025-01-16T07:10:33.000Z","54","finished","3.673963508349571","0.8","320","0.0020667443672618985","5.581985707198506e-7","0.511","0.6763732627399074","0.6932901491721472","1","0","0.5264285714285715","0.6897519887693028","0.6915597596338817","1","0"
"still-sweep-80","tr8mwg42","2025-01-16T07:09:32.000Z","75","finished","7.6724690842569485","0.4","256","0.00028638998845687225","0.000003110742782115452","0.511","0.6763732627399074","0.6875285506248474","1","0","0.5262857142857142","0.6896293523025084","0.6874809627022062","0.9997286295793758","0"
"fragrant-sweep-79","tr8mwg42","2025-01-16T07:08:09.000Z","433","finished","7.770524410334607","0.2","320","0.000437164573145212","7.464619204358882e-7","0.525","0.671280276816609","0.615319699048996","0.949119373776908","0.081799591002045","0.5492857142857143","0.6942533191200698","0.539812374327864","0.9720488466757125","0.07933634992458521"
"fine-sweep-78","tr8mwg42","2025-01-16T07:00:51.000Z","850","finished","7.139745440299309","0.6","64","0.00005732460911319209","0.005793576183085622","0.7226666666666667","0.7232202262142382","0.5706063459316889","0.7090671885192433","0.7368779822767553","0.765","0.7678848596020883","0.5504838260156768","0.7383989145183175","0.7945701357466063"
"tough-sweep-77","tr8mwg42","2025-01-16T06:46:34.000Z","116","finished","7.97095560866681","0.2","192","0.009676540801940315","0.0008303985382170219","0.511","0.6763732627399074","0.6929343293110529","1","0","0.5264285714285715","0.6897519887693028","0.6925987899303436","1","0"
"eager-sweep-76","tr8mwg42","2025-01-16T06:44:31.000Z","55","finished","6.065701715841087","0.2","320","0.003596749903853893","5.704110757694902e-7","0.511","0.6763732627399074","0.6931390017271042","1","0","0.5264285714285715","0.6897519887693028","0.6915931850671768","1","0"
"dark-sweep-75","tr8mwg42","2025-01-16T06:43:27.000Z","42","finished","5.618652582697719","0.6","128","0.0022384815713240407","0.0000022870447663917924","0.511","0.6763732627399074","0.6932579278945923","1","0","0.5264285714285715","0.6897519887693028","0.6916588119098118","1","0"
"swift-sweep-74","tr8mwg42","2025-01-16T06:42:37.000Z","69","finished","6.367980007504394","0.8","384","0.00077637730767049","0.000002650199866597049","0.511","0.6763732627399074","0.6931762595971426","1","0","0.5264285714285715","0.6897519887693028","0.6917673881564822","1","0"
"azure-sweep-73","tr8mwg42","2025-01-16T06:41:23.000Z","57","finished","7.624713993080012","0.4","192","0.007786146228010791","0.00008762775320278861","0.489","0","0.6933885713418325","0","1","0.4735714285714286","0","0.6936418158667428","0","1"
"lemon-sweep-72","tr8mwg42","2025-01-16T06:40:16.000Z","47","finished","5.737960559573077","0.8","192","0.0008639883674136798","0.0015306549740588709","0.511","0.6763732627399074","0.6924107919136683","1","0","0.5264285714285715","0.6897519887693028","0.690822714141437","1","0"
"avid-sweep-71","tr8mwg42","2025-01-16T06:39:24.000Z","118","finished","8.222782725546185","0.5","128","0.005227742030324119","0.0022862499705044565","0.511","0.6763732627399074","0.6934399505456289","1","0","0.5264285714285715","0.6897519887693028","0.691556494150843","1","0"
"graceful-sweep-70","tr8mwg42","2025-01-16T06:37:17.000Z","600","finished","6.745010594346722","0.2","64","0.0002283515928701007","0.0000013535950176945252","0.7633333333333333","0.7864019253910951","0.5326829825838407","0.852576647097195","0.6700749829584185","0.8207142857142857","0.8388753370137373","0.4408513382077217","0.8865671641791045","0.7475113122171946"
"lunar-sweep-69","tr8mwg42","2025-01-16T06:27:12.000Z","728","finished","5.63799069168245","0.4","384","0.00011297156074661254","0.000006663931251580381","0.753","0.7590243902439024","0.5285276075204214","0.761252446183953","0.7443762781186094","0.8351428571428572","0.8372355430183357","0.41974480875900816","0.8054274084124831","0.8681749622926094"
"volcanic-sweep-68","tr8mwg42","2025-01-16T06:14:57.000Z","193","finished","9.709517141693098","0.2","256","0.0007022358141776715","0.0008433408464616583","0.707","0.7017305734645403","0.6550603707631429","0.6744944553163731","0.7409679618268575","0.7164285714285714","0.7118594861373204","0.6522217073610851","0.6654002713704206","0.7731523378582202"
"cerulean-sweep-67","tr8mwg42","2025-01-16T06:11:35.000Z","52","finished","8.207271640759913","0.2","320","0.0007677105065046586","0.00011625090352123768","0.511","0.6763732627399074","0.6929808209339777","1","0","0.5264285714285715","0.6897519887693028","0.6916235366037914","1","0"
"wild-sweep-66","tr8mwg42","2025-01-16T06:10:37.000Z","676","finished","5.990413286455792","0.2","320","0.00015921176943040083","0.001102713121672668","0.767","0.7776010181355393","0.5560044571757317","0.7971298108284409","0.7355146557600545","0.842","0.8525333333333334","0.39163216416324886","0.8675712347354139","0.8135746606334842"
"resilient-sweep-65","tr8mwg42","2025-01-16T05:59:14.000Z","428","finished","7.092617664372082","0.2","256","0.0004656332350293905","0.00010937369903232368","0.7123333333333334","0.6464563703400246","0.6640526304642359","0.5146771037181996","0.9188820722563054","0.743","0.6799501867995019","0.547217204102448","0.5185888738127544","0.9924585218702866"
"pleasant-sweep-64","tr8mwg42","2025-01-16T05:51:58.000Z","85","finished","9.986895487486324","0.6","384","0.003916835827622007","0.0044943757054125765","0.511","0.6763732627399074","0.6935478746891022","1","0","0.5264285714285715","0.6897519887693028","0.6916315236261913","1","0"
"easy-sweep-63","tr8mwg42","2025-01-16T05:50:25.000Z","602","finished","3.785020897941836","0.2","192","0.00013475467173865654","0.0012833890406434055","0.7336666666666667","0.7703363035354988","0.571202759941419","0.8741030658838878","0.5869120654396728","0.8112857142857143","0.8390006093845216","0.48068628353731974","0.934056987788331","0.6748114630467572"
"effortless-sweep-62","tr8mwg42","2025-01-16T05:40:16.000Z","70","finished","5.237042717675852","0.4","128","0.007834777288842153","0.00009583860201948956","0.511","0.6763732627399074","0.6929232627153397","1","0","0.5264285714285715","0.6897519887693028","0.6919646028961454","1","0"
"eager-sweep-61","tr8mwg42","2025-01-16T05:38:59.000Z","495","finished","7.266492770324903","0.2","192","0.00026420232901989033","8.763899177176551e-7","0.7313333333333333","0.669672131147541","0.6055166820685068","0.532941943900848","0.9386503067484664","0.7525714285714286","0.7005532503457814","0.4941838671054159","0.5497964721845319","0.9779788838612368"
"sweepy-sweep-60","tr8mwg42","2025-01-16T05:30:37.000Z","55","finished","6.7202337831959245","0.6","384","0.002420583556110806","0.0005080365714608846","0.511","0.6763732627399074","0.6932931145032247","1","0","0.5264285714285715","0.6897519887693028","0.6920427978038788","1","0"
"resilient-sweep-59","tr8mwg42","2025-01-16T05:29:33.000Z","539","finished","7.79036342104187","0.5","384","0.00020202965028099775","0.00012178632766471948","0.7386666666666667","0.7189964157706094","0.5340046882629395","0.6542726679712981","0.8268575323790047","0.8078571428571428","0.7953750190171915","0.4158764683774539","0.7093622795115332","0.9173453996983408"
"happy-sweep-58","tr8mwg42","2025-01-16T05:20:29.000Z","175","finished","8.51258742305409","0.4","192","0.001063506218650546","0.000001175438630215595","0.6236666666666667","0.4847101780009128","0.6626015653212866","0.34637964774951074","0.9134287661895024","0.6505714285714286","0.5560798548094373","0.6575953045061657","0.4157394843962008","0.9116138763197588"
"sparkling-sweep-57","tr8mwg42","2025-01-16T05:17:28.000Z","819","finished","6.285868260704005","0.4","64","0.00009805650331610204","0.002770824392461026","0.7503333333333333","0.7115902964959568","0.5099850992361704","0.6027397260273972","0.9045671438309476","0.7674285714285715","0.7388514597369266","0.4697578570672444","0.6249660786974219","0.92579185520362"
"flowing-sweep-56","tr8mwg42","2025-01-16T05:03:43.000Z","353","finished","6.279457895295902","0.8","128","0.00025724801514350864","0.0000062552681383459345","0.7436666666666667","0.7494297816878462","0.5693170775969824","0.7501630789302022","0.7368779822767553","0.7914285714285715","0.7997256515775034","0.4809372158987182","0.7910447761194029","0.7918552036199095"
"playful-sweep-55","tr8mwg42","2025-01-16T04:57:45.000Z","820","finished","6.899127557417401","0.8","64","0.00009819195174018682","0.0011237295661928783","0.7373333333333333","0.7531328320802005","0.5397333229581515","0.7840834964122635","0.6884798909338786","0.7931428571428571","0.8103222425988996","0.4963956219809396","0.839348710990502","0.7417797888386124"
"zany-sweep-54","tr8mwg42","2025-01-16T04:43:56.000Z","488","finished","8.264321701227972","0.5","256","0.00014412863756440905","0.0000015030002836732357","0.7603333333333333","0.7630971993410214","0.5129673679669698","0.7553816046966731","0.765507839127471","0.837","0.8403079076277117","0.4078267174107688","0.8146540027137043","0.8618401206636501"
"ancient-sweep-53","tr8mwg42","2025-01-16T04:35:43.000Z","887","finished","5.993645997307688","0.2","128","0.00006500190852957447","0.00003187210013579679","0.7476666666666667","0.7560425394779245","0.557751884063085","0.7651663405088063","0.7293796864349011","0.8042857142857143","0.8127903798852145","0.4603673996669906","0.8070556309362279","0.8012066365007542"
"lilac-sweep-52","tr8mwg42","2025-01-16T04:20:50.000Z","260","finished","5.760099066119618","0.6","192","0.0005445575556768491","0.0001289234279980852","0.6953333333333334","0.6553544494720965","0.601294736067454","0.5668623613829094","0.8295841854124063","0.7191428571428572","0.6937694704049844","0.5687863422291619","0.6043419267299864","0.8467571644042232"
"stoic-sweep-51","tr8mwg42","2025-01-16T04:16:21.000Z","708","finished","5.013125686153985","0.8","64","0.00017937387188301815","0.00003336095516150926","0.7606666666666667","0.7856716417910448","0.5303391739726067","0.8584474885844748","0.6584867075664622","0.811","0.8317008014247551","0.46021350366728647","0.8871099050203528","0.726395173453997"
"expert-sweep-50","tr8mwg42","2025-01-16T04:04:26.000Z","747","finished","6.8173489193838686","0.6","256","0.00008466652416978331","0.0000015955542647677474","0.7623333333333333","0.744718940207662","0.4945448661843936","0.6784083496412263","0.8500340831629175","0.8182857142857143","0.8095808383233533","0.3869058968765395","0.7337856173677069","0.9122171945701356"
"polar-sweep-49","tr8mwg42","2025-01-16T03:51:54.000Z","686","finished","8.319681202504217","0.4","256","0.00009771015965484158","0.00012020263960654444","0.7563333333333333","0.7317431192660551","0.49275852491458255","0.6503587736464449","0.8670756646216768","0.8041428571428572","0.7828290828449231","0.4108162149786949","0.6705563093622795","0.9526395173453996"
"robust-sweep-48","tr8mwg42","2025-01-16T03:40:19.000Z","43","finished","3.38572609876606","0.4","64","0.0029869056338779655","0.0035547777783368237","0.511","0.6763732627399074","0.6929180969794592","1","0","0.5264285714285715","0.6897519887693028","0.691562831401825","1","0"
"atomic-sweep-47","tr8mwg42","2025-01-16T03:39:31.000Z","102","finished","9.105158661197418","0.8","384","0.00882737161958132","0.005772750719139403","0.511","0.6763732627399074","0.6954293747742971","1","0","0.5264285714285715","0.6897519887693028","0.6925813640866961","1","0"
"elated-sweep-46","tr8mwg42","2025-01-16T03:37:40.000Z","724","finished","8.537872630599793","0.6","192","0.00008295680499117773","0.0000036659902471706534","0.759","0.777195685670262","0.5213221162557602","0.822570123939987","0.6925698704839809","0.8308571428571428","0.8476582604220277","0.4296403782708304","0.8938941655359566","0.7607843137254902"
"blooming-sweep-45","tr8mwg42","2025-01-16T03:25:28.000Z","940","finished","5.60088399805764","0.8","384","0.00006528886055687826","0.0004166791661250775","0.5133333333333333","0.6642134314627415","0.6972370644410452","0.9419439008480104","0.065439672801636","0.5571428571428572","0.6997287872917474","0.5538220927119255","0.9801899592944368","0.08687782805429864"
"radiant-sweep-44","tr8mwg42","2025-01-16T03:09:43.000Z","77","finished","7.907418345713108","0.4","64","0.00510989382408176","0.0000445679432696171","0.511","0.6763732627399074","0.6933978398640951","1","0","0.5264285714285715","0.6897519887693028","0.6916462097849164","1","0"
"drawn-sweep-43","tr8mwg42","2025-01-16T03:08:21.000Z","297","finished","8.295074744743005","0.4","384","0.0006828752595805282","0.000606555868208362","0.645","0.5785516422635536","0.6561963160832723","0.47684279191128504","0.8207225630538514","0.6897142857142857","0.636058981233244","0.6533947778599603","0.5150610583446404","0.8838612368024132"
"decent-sweep-42","tr8mwg42","2025-01-16T03:03:18.000Z","568","finished","4.898620839720383","0.5","320","0.0001719518769216742","0.0011426564035935554","0.75","0.776918500892326","0.5820339173078537","0.8519243313763861","0.643490115882754","0.8102857142857143","0.8342899925131021","0.4582444429397583","0.90719131614654","0.7025641025641025"
"sunny-sweep-41","tr8mwg42","2025-01-16T02:53:45.000Z","77","finished","7.991768716055901","0.5","128","0.009487542882163356","0.000044184094806678474","0.511","0.6763732627399074","0.6928703735272089","1","0","0.5264285714285715","0.6897519887693028","0.6923629577670779","1","0"
"sage-sweep-40","tr8mwg42","2025-01-16T02:52:20.000Z","428","finished","8.729898214673163","0.4","128","0.00022502358299162877","0.000006196733919188854","0.7293333333333333","0.7047272727272728","0.5288729394475619","0.6320939334637965","0.830947511929107","0.789","0.7708301008533747","0.44350487525974","0.6740841248303935","0.9167420814479638"
"cosmic-sweep-39","tr8mwg42","2025-01-16T02:45:02.000Z","56","finished","6.794027750663644","0.8","256","0.0027054684317511864","0.00000186563255351601","0.511","0.6763732627399074","0.6933414240678152","1","0","0.5264285714285715","0.6897519887693028","0.6917028597423008","1","0"
"dainty-sweep-38","tr8mwg42","2025-01-16T02:44:00.000Z","51","finished","7.443418455378496","0.5","256","0.0017597570704584056","0.0000015190540943665945","0.511","0.6763732627399074","0.6934089809656143","1","0","0.5264285714285715","0.6897519887693028","0.6916775277682713","1","0"
"warm-sweep-37","tr8mwg42","2025-01-16T02:43:01.000Z","576","finished","8.701187974455447","0.5","384","0.0001883941615735194","0.0004552988229565285","0.736","0.7670588235294118","0.5954637030760447","0.8506196999347684","0.6162235855487389","0.8018571428571428","0.8278088144009932","0.4702883660793304","0.9047489823609226","0.6874811463046757"
"volcanic-sweep-36","tr8mwg42","2025-01-16T02:33:16.000Z","835","finished","3.781047298520928","0.6","128","0.00009442032672978568","0.001750177381003863","0.7646666666666667","0.7732819524727039","0.5238473018010458","0.7853881278538812","0.7430129516019086","0.8221428571428572","0.8284887725582036","0.4065317437052727","0.816010854816825","0.8289592760180996"
"lucky-sweep-35","tr8mwg42","2025-01-16T02:19:11.000Z","108","finished","6.651527315583274","0.6","128","0.005029385173208894","0.0005443674099505591","0.511","0.6763732627399074","0.6934706966082255","1","0","0.5264285714285715","0.6897519887693028","0.6915584802627563","1","0"
"pretty-sweep-34","tr8mwg42","2025-01-16T02:17:17.000Z","870","finished","8.790133044514835","0.5","256","0.00005930250609084832","0.0003399499253029981","0.7763333333333333","0.7784747441399802","0.4970567300915718","0.7690802348336595","0.7839127471029311","0.8341428571428572","0.8404562319637213","0.3890865445137024","0.8298507462686567","0.8389140271493213"
"generous-sweep-33","tr8mwg42","2025-01-16T02:02:40.000Z","531","finished","7.376526807011691","0.5","128","0.00019326543694571445","0.00003878404527755156","0.7366666666666667","0.7143890093998554","0.5215789477030436","0.644487932159165","0.8329925017041582","0.8068571428571428","0.7904525728456293","0.4199506949101175","0.6919945725915875","0.9345399698340876"
"rosy-sweep-32","tr8mwg42","2025-01-16T01:53:44.000Z","579","finished","3.4718773588364984","0.6","320","0.00033035271845233176","0.0001019883065329762","0.7566666666666667","0.7695707070707071","0.5575662155946096","0.7951728636660144","0.7164280845262441","0.8494285714285714","0.8600637280934679","0.3989171545420374","0.8789687924016282","0.8165912518853695"
"azure-sweep-31","tr8mwg42","2025-01-16T01:43:56.000Z","53","finished","5.868281142399946","0.6","256","0.0008697647711835377","0.0018287340686591444","0.511","0.6763732627399074","0.6931428809960684","1","0","0.5264285714285715","0.6897519887693028","0.6915015493120465","1","0"
"olive-sweep-30","tr8mwg42","2025-01-16T01:42:54.000Z","227","finished","4.9341927431646635","0.5","192","0.0009900289806845397","0.00018453051986607927","0.603","0.4690147124386982","0.6518556873003641","0.3431180691454664","0.874573960463531","0.6358571428571429","0.5156754702641079","0.6434741871697562","0.36824966078697424","0.9333333333333332"
"woven-sweep-29","tr8mwg42","2025-01-16T01:38:58.000Z","78","finished","4.898667157494304","0.4","64","0.00829142068767969","0.00000929836090341409","0.511","0.6763732627399074","0.693267876903216","1","0","0.5264285714285715","0.6897519887693028","0.6916466312749046","1","0"
"sage-sweep-28","tr8mwg42","2025-01-16T01:37:35.000Z","67","finished","8.983590088606865","0.2","256","0.00041678841853575","0.0016708623532584491","0.621","0.4407279881947861","0.6906651457150778","0.2922374429223744","0.9645535105657804","0.569","0.33296484634092416","0.6916962457554681","0.20434192672998644","0.9743589743589745"
"bumbling-sweep-27","tr8mwg42","2025-01-16T01:36:22.000Z","378","finished","9.953771522796558","0.2","256","0.0001817204044322342","0.000009411403719599408","0.506","0.6640979147778785","0.655888502796491","0.9556425309849969","0.03612815269256987","0.5371428571428571","0.6914285714285714","0.5849694269044059","0.9850746268656716","0.0392156862745098"
"toasty-sweep-26","tr8mwg42","2025-01-16T01:29:58.000Z","363","finished","4.325123700626566","0.5","192","0.0008264580788676355","0.0000013995538783699676","0.5796666666666667","0.4218248509857863","0.6791113664706548","0.30006523157208087","0.8718473074301295","0.6245714285714286","0.49809014514896865","0.6357672108071191","0.3538670284938942","0.9254901960784314"
"gentle-sweep-25","tr8mwg42","2025-01-16T01:23:50.000Z","820","finished","9.454248538274124","0.2","320","0.00008273094200151683","0.0012497724042866652","0.7266666666666667","0.6650326797385621","0.5873027990261713","0.5309849967384214","0.931152010906612","0.7594285714285715","0.7103543171654627","0.4954711901290076","0.5603799185888738","0.9806938159879336"
"stoic-sweep-24","tr8mwg42","2025-01-16T01:10:05.000Z","379","finished","5.773423091444483","0.4","384","0.0004752571089098619","0.00016841952922217916","0.511","0.6763732627399074","0.6903844873110453","1","0","0.5265714285714286","0.6897584721962179","0.6824019040380206","0.9997286295793758","0.0006033182503770739"
"blooming-sweep-23","tr8mwg42","2025-01-16T01:03:38.000Z","479","finished","4.5881481521671565","0.5","384","0.00022488513368008515","0.0012548384368694186","0.733","0.6967057932601287","0.5403553123275439","0.6001304631441617","0.8718473074301295","0.7704285714285715","0.74109875946512","0.4723017726625715","0.6241519674355496","0.9330316742081448"
"lunar-sweep-22","tr8mwg42","2025-01-16T00:55:30.000Z","43","finished","8.916439914459218","0.4","128","0.004044962619761456","0.0000020015542293225102","0.511","0.6763732627399074","0.6931733091672262","1","0","0.5264285714285715","0.6897519887693028","0.6918698932443347","1","0"
"visionary-sweep-21","tr8mwg42","2025-01-16T00:54:42.000Z","323","finished","7.482822797360107","0.8","64","0.0006058030910666045","7.344423865543158e-7","0.7386666666666667","0.7076808351976137","0.5119190712769827","0.6190476190476191","0.863667348329925","0.7938571428571428","0.7714964370546318","0.43572995918137686","0.6610583446404342","0.9414781297134238"
"elated-sweep-20","tr8mwg42","2025-01-16T00:49:11.000Z","44","finished","9.115868912315898","0.4","192","0.004117759542902883","0.000008524473763679775","0.511","0.6763732627399074","0.693025752902031","1","0","0.5264285714285715","0.6897519887693028","0.6916136337178094","1","0"
"firm-sweep-19","tr8mwg42","2025-01-16T00:48:19.000Z","48","finished","4.087368341486717","0.8","64","0.009502824680682788","0.005639247285062576","0.511","0.6763732627399074","0.6934833625952402","1","0","0.5264285714285715","0.6897519887693028","0.6916861087083817","1","0"
"spring-sweep-18","tr8mwg42","2025-01-16T00:47:22.000Z","43","finished","3.010679626901116","0.2","64","0.001527077778227956","5.128300880527216e-7","0.511","0.6763732627399074","0.6921560019254684","1","0","0.5264285714285715","0.6897519887693028","0.6913067613329206","1","0"
"expert-sweep-17","tr8mwg42","2025-01-16T00:46:30.000Z","411","finished","6.726665863535476","0.5","64","0.0003914879920205936","0.005176537597043759","0.7486666666666667","0.7495016611295681","0.519592635333538","0.735812133072407","0.7620995228357191","0.8217142857142857","0.825503355704698","0.40469962252037867","0.8010854816824966","0.8446455505279035"
"pretty-sweep-16","tr8mwg42","2025-01-16T00:39:34.000Z","507","finished","4.7020897344281645","0.5","256","0.0002292574628002312","0.0015799485925566026","0.7623333333333333","0.7336570788195742","0.506819819410642","0.6405740378343118","0.8895705521472392","0.8211428571428572","0.8040688575899844","0.3888880780764988","0.6971506105834464","0.958974358974359"
"brisk-sweep-15","tr8mwg42","2025-01-16T00:31:02.000Z","93","finished","7.448958082755152","0.5","384","0.0087559503895487","0.00011827554750461128","0.489","0","0.6946161637703577","0","1","0.4735714285714286","0","0.695494932787759","0","1"
"distinctive-sweep-14","tr8mwg42","2025-01-16T00:29:23.000Z","50","finished","4.801966412020911","0.6","256","0.0012677700596895414","0.0000033611754252368145","0.511","0.6763732627399074","0.6933597971995672","1","0","0.5264285714285715","0.6897519887693028","0.6916742431265968","1","0"
"breezy-sweep-13","tr8mwg42","2025-01-16T00:28:25.000Z","54","finished","5.382338025281038","0.8","320","0.0011664311151519825","0.0000019188609332457908","0.511","0.6763732627399074","0.6933541198571523","1","0","0.5264285714285715","0.6897519887693028","0.6915998522724424","1","0"
"faithful-sweep-12","tr8mwg42","2025-01-16T00:27:26.000Z","718","finished","8.820950893653045","0.6","320","0.00011075318259941787","0.0030162300825569807","0.7453333333333333","0.7114803625377644","0.5539267410834631","0.6144814090019569","0.8820722563053851","0.81","0.7869955156950673","0.40081354337079184","0.6667571234735414","0.9692307692307692"
"flowing-sweep-11","tr8mwg42","2025-01-16T00:15:23.000Z","62","finished","3.8963042178665415","0.6","256","0.0030136267995545746","0.00018212080783227435","0.511","0.6763732627399074","0.6933102160692215","1","0","0.5264285714285715","0.6897519887693028","0.691702087010656","1","0"
"visionary-sweep-10","tr8mwg42","2025-01-16T00:14:12.000Z","293","finished","3.8532200411235737","0.5","128","0.0007749698577799464","0.000001100775325040594","0.5136666666666667","0.6710259301014656","0.671102782090505","0.9706457925636008","0.03612815269256987","0.5421428571428571","0.6917972882007886","0.5643377293433461","0.9761194029850746","0.05972850678733032"
"worldly-sweep-9","tr8mwg42","2025-01-16T00:09:12.000Z","747","finished","3.8076662116330393","0.4","384","0.00011106649978709124","0.000023138511932782547","0.7413333333333333","0.7281009110021023","0.5221012954910597","0.6777560339204175","0.8077709611451943","0.8125714285714286","0.8004259202920596","0.4095562387789999","0.7139755766621438","0.9221719457013576"
"sunny-sweep-8","tr8mwg42","2025-01-15T23:56:37.000Z","89","finished","9.37207754787348","0.5","256","0.004168095475713619","0.00009308657881266846","0.511","0.6763732627399074","0.6942039976517359","1","0","0.5264285714285715","0.6897519887693028","0.6923917382955551","1","0"
"ethereal-sweep-7","tr8mwg42","2025-01-15T23:54:59.000Z","565","finished","5.955816986907733","0.6","384","0.0003755643099188982","0.0000014338203370009543","0.7613333333333333","0.7629139072847683","0.5487077956398329","0.7514677103718199","0.7716428084526245","0.8432857142857143","0.8432185222238102","0.3779558688402176","0.8005427408412483","0.8907993966817497"
"dulcet-sweep-6","tr8mwg42","2025-01-15T23:45:26.000Z","852","finished","5.542915468341595","0.2","64","0.00009704142984887508","0.00005394503842714599","0.7403333333333333","0.6979449398991857","0.5145638386408488","0.5870841487279843","0.9004771642808452","0.7671428571428571","0.7391165172855314","0.4722804916756494","0.6265943012211669","0.9233785822021116"
"comfy-sweep-5","tr8mwg42","2025-01-15T23:31:06.000Z","100","finished","4.568892461535341","0.2","64","0.0038175059427405567","0.0000915402511589266","0.511","0.6763732627399074","0.6931894322236379","1","0","0.5264285714285715","0.6897519887693028","0.6918151314769473","1","0"
"resilient-sweep-4","tr8mwg42","2025-01-15T23:29:18.000Z","320","finished","6.764974382366065","0.2","128","0.0015316112676150085","0.00001555140912527476","0.5723333333333334","0.3701521845851743","0.6880173633495966","0.24592302674494457","0.9134287661895024","0.5434285714285715","0.3338891204668612","0.6832395536558968","0.21736770691994572","0.9058823529411764"
"genial-sweep-3","tr8mwg42","2025-01-15T23:23:49.000Z","48","finished","8.247923662738284","0.8","128","0.003798424160050356","0.0002415511765890852","0.511","0.6763732627399074","0.6934038698673248","1","0","0.5264285714285715","0.6897519887693028","0.6917376433100019","1","0"
"avid-sweep-2","tr8mwg42","2025-01-15T23:22:52.000Z","104","finished","3.6269286906904816","0.4","64","0.0059142339243303445","0.002533177463390691","0.511","0.6763732627399074","0.6930058201154073","1","0","0.5264285714285715","0.6897519887693028","0.6917592074189868","1","0"
"neat-sweep-1","tr8mwg42","2025-01-15T23:21:00.000Z","811","finished","7.1589747289868555","0.4","64","0.00009031200079445804","0.0027336118535111185","0.7466666666666667","0.738831615120275","0.5058497389157613","0.7012393998695369","0.7941376959781867","0.7927142857142857","0.79226914817466","0.46106685059411184","0.7508819538670285","0.8392156862745098"
"resilient-sweep-60","z95xpbwd","2025-01-15T22:57:04.000Z","825","finished","4.937389612796028","0.4","64","0.00002949134756425673","1.404359143254442e-7","0.7063333333333334","0.7032670932974066","0.6199324727058411","0.6810176125244618","0.732788002726653","0.7311428571428571","0.7254158155821419","0.6225661039352417","0.6746268656716418","0.7939668174962292"
"giddy-sweep-59","z95xpbwd","2025-01-15T22:43:13.000Z","799","finished","9.865957308711923","0.6","32","0.0000480381875487583","0.000019355974337698393","0.6863333333333334","0.6647666547915925","0.6237626572450002","0.6086105675146771","0.7675528289025222","0.7185714285714285","0.6939092604101926","0.6298253387212753","0.6059701492537314","0.8437405731523379"
"floral-sweep-58","z95xpbwd","2025-01-15T22:29:44.000Z","543","finished","9.431718173910202","0.6","32","0.000393253426840192","0.0005577400038093555","0.7523333333333333","0.7415652173913043","0.5499794632196426","0.695368558382257","0.8118609406952966","0.7988571428571428","0.789913458669054","0.4535997435450554","0.7183175033921303","0.8883861236802413"
"super-sweep-57","z95xpbwd","2025-01-15T22:20:36.000Z","984","finished","3.787353282402338","0.4","256","0.00004029584158490206","4.452274185383267e-7","0.7416666666666667","0.7004252029377658","0.5153267979621887","0.5909980430528375","0.8991138377641446","0.7572857142857143","0.7130552271575747","0.4719901052968843","0.5728629579375848","0.9622926093514328"
"smooth-sweep-56","z95xpbwd","2025-01-15T22:04:03.000Z","795","finished","3.0602796271949773","0.6","32","0.000020795591754310863","3.289570028651443e-7","0.4866666666666667","0.644997694790226","0.6731375505526861","0.9125896934116112","0.04158145875937287","0.5015714285714286","0.6618858416513228","0.676286518573761","0.926729986431479","0.02895927601809955"
"balmy-sweep-55","z95xpbwd","2025-01-15T21:50:42.000Z","401","finished","4.913315777268181","0.2","256","0.000552578122266312","0.0023899347754875273","0.7543333333333333","0.7281445960900037","0.5171251942714056","0.6438356164383562","0.8698023176550784","0.8084285714285714","0.7944827586206896","0.4165159591606685","0.7033921302578019","0.9251885369532428"
"hardy-sweep-54","z95xpbwd","2025-01-15T21:43:51.000Z","313","finished","9.193018193500611","0.2","128","0.0006567097912636293","0.0008346699038301058","0.7473333333333333","0.7439189189189189","0.5467785149812698","0.7181996086105675","0.7777777777777778","0.8167142857142857","0.8123994736072525","0.41816272267273497","0.7538670284938942","0.8865761689291101"
"sandy-sweep-53","z95xpbwd","2025-01-15T21:38:33.000Z","267","finished","4.264072828083518","0.2","32","0.0009601401975617468","0.0000011052684961247113","0.721","0.6961887477313975","0.5403125211596489","0.6255707762557078","0.8207225630538514","0.7915714285714286","0.7729182879377432","0.4288942420056888","0.6738127544097693","0.922473604826546"
"chocolate-sweep-52","z95xpbwd","2025-01-15T21:34:01.000Z","830","finished","4.984238162638933","0.2","64","0.0001015043998863984","0.000073234732704064","0.734","0.6947207345065034","0.5143670961260796","0.5923026744944553","0.8820722563053851","0.768","0.7403261912376079","0.4703920451658113","0.6282225237449118","0.9233785822021116"
"misty-sweep-51","z95xpbwd","2025-01-15T21:20:03.000Z","884","finished","5.964534192314224","0.4","128","0.00004605193825965306","0.00003669556771020393","0.7556666666666667","0.762244566980214","0.5597425848245621","0.766470971950424","0.7443762781186094","0.7925714285714286","0.7995028997514498","0.49667481013706755","0.7856173677069199","0.8003016591251886"
"fast-sweep-50","z95xpbwd","2025-01-15T21:05:13.000Z","568","finished","4.373258002909035","0.5","256","0.00011890766356946417","0.000024266726642304945","0.763","0.7441525728679381","0.4992406368255615","0.6744944553163731","0.8554873892297206","0.8164285714285714","0.8025203626863378","0.3923497402242252","0.7085481682496608","0.9363499245852188"
"balmy-sweep-49","z95xpbwd","2025-01-15T20:55:36.000Z","53","finished","6.238558199193667","0.5","64","0.00001024721870053044","0.00001820820966139337","0.511","0.6763732627399074","0.694905698299408","1","0","0.5262857142857142","0.6896293523025084","0.6931614088160651","0.9997286295793758","0"
"helpful-sweep-48","z95xpbwd","2025-01-15T20:54:34.000Z","791","finished","9.4353690316399","0.5","32","0.00012651213737525726","0.000005625855725897866","0.716","0.7142857142857143","0.5790029019117355","0.6947162426614482","0.7382413087934561","0.7657142857142857","0.7665148063781321","0.5580784465585437","0.7305291723202171","0.8048265460030166"
"silvery-sweep-47","z95xpbwd","2025-01-15T20:41:16.000Z","664","finished","9.464379144729364","0.8","32","0.00024441893578936184","2.0456066646603401e-7","0.7326666666666667","0.7321309285237141","0.5645651618639628","0.7149380300065231","0.7511929107021131","0.7872857142857143","0.7876800228147726","0.5213194585272244","0.7495251017639077","0.8292609351432881"
"feasible-sweep-46","z95xpbwd","2025-01-15T20:30:03.000Z","616","finished","6.2181247471466214","0.8","256","0.0000819192541895958","0.0033416047586384543","0.733","0.6913294797687861","0.5312493791182836","0.5851272015655578","0.8875255623721882","0.7514285714285714","0.7072678331090175","0.49293982663324903","0.5704206241519675","0.9526395173453996"
"serene-sweep-45","z95xpbwd","2025-01-15T20:19:37.000Z","723","finished","4.196586804341532","0.6","64","0.00017471932954236203","3.4114778677686074e-7","0.7676666666666667","0.7768171629843099","0.5033171673615774","0.7912589693411611","0.7430129516019086","0.8357142857142857","0.8448461953588775","0.3945657493812697","0.8496607869742198","0.820211161387632"
"electric-sweep-44","z95xpbwd","2025-01-15T20:07:26.000Z","556","finished","5.672701275793877","0.8","64","0.00021328162405569897","0.00000929289224956692","0.77","0.7875615763546798","0.5320878227551779","0.8343118069145466","0.7027948193592365","0.8155714285714286","0.8293005421129181","0.4633130814347948","0.8510176390773405","0.7761689291101056"
"stellar-sweep-43","z95xpbwd","2025-01-15T19:58:02.000Z","412","finished","4.490866939136754","0.8","64","0.00062398410919688","0.0003439386227148087","0.7743333333333333","0.7837751517087193","0.5377679864565531","0.8003913894324853","0.7471029311520109","0.8574285714285714","0.8652079956780119","0.3763335325888225","0.8691994572591587","0.8443438914027149"
"cerulean-sweep-42","z95xpbwd","2025-01-15T19:51:00.000Z","795","finished","5.885590661183338","0.8","32","0.000030238713927320264","0.000015448301082955464","0.49166666666666664","0.6512691516121656","0.6710681915283203","0.928897586431833","0.034764826175869123","0.505","0.6674344946731932","0.673679089971951","0.9435549525101764","0.017496229260935144"
"crimson-sweep-41","z95xpbwd","2025-01-15T19:37:36.000Z","1012","finished","3.933859605947315","0.5","256","0.000027665557575484465","1.4711917930129422e-8","0.7233333333333334","0.6810146041506533","0.5284308219949404","0.5779517286366601","0.8752556237218814","0.7528571428571429","0.714332892998679","0.5105663569910186","0.5869742198100407","0.9372549019607844"
"faithful-sweep-40","z95xpbwd","2025-01-15T19:20:37.000Z","198","finished","9.006592895136734","0.4","32","0.0007813367870413213","0.00008229111237876439","0.6823333333333333","0.619256891729924","0.5906426211198171","0.5055446836268754","0.8670756646216768","0.7134285714285714","0.6496681802305274","0.5478368997573853","0.5047489823609227","0.9453996983408748"
"olive-sweep-39","z95xpbwd","2025-01-15T19:17:13.000Z","860","finished","3.7454730571643102","0.2","128","0.000016102915036120543","0.00001284247471744442","0.6853333333333333","0.6418816388467374","0.6209390809138616","0.5518590998043053","0.8248125426039536","0.7124285714285714","0.6736910358242827","0.6228031984397343","0.5639077340569878","0.877526395173454"
"dry-sweep-38","z95xpbwd","2025-01-15T19:02:47.000Z","548","finished","6.543156211213036","0.8","128","0.00014765572018287718","0.0000012449311962685925","0.7543333333333333","0.7627936916639846","0.5438196882605553","0.7729941291585127","0.7348329925017042","0.8064285714285714","0.8138991896717483","0.4585467683417456","0.8040705563093623","0.8090497737556561"
"amber-sweep-37","z95xpbwd","2025-01-15T18:53:30.000Z","285","finished","4.054506348655922","0.4","128","0.0009246035564467324","0.0016474386378318284","0.757","0.7497425334706488","0.5635424678524336","0.7123287671232876","0.803680981595092","0.8187142857142857","0.8176986065220514","0.4194974643843515","0.7723202170963365","0.8702865761689291"
"breezy-sweep-36","z95xpbwd","2025-01-15T18:48:37.000Z","1012","finished","3.583601052342376","0.6","256","0.00001754101189721987","0.000006155399125789538","0.733","0.721584984358707","0.5685486197471619","0.6771037181996086","0.7914110429447853","0.7611428571428571","0.7529550827423168","0.5632867046764919","0.6914518317503392","0.8386123680241327"
"gallant-sweep-35","z95xpbwd","2025-01-15T18:31:40.000Z","57","finished","5.931174397692716","0.8","64","0.0006114764670191288","2.860071598242354e-7","0.511","0.6763732627399074","0.6915454715490341","1","0","0.5264285714285715","0.6897519887693028","0.6904015115329197","1","0"
"soft-sweep-34","z95xpbwd","2025-01-15T18:30:36.000Z","634","finished","7.024208141596524","0.6","128","0.00016836056232899174","3.5317764740163386e-8","0.7486666666666667","0.735252808988764","0.5131787409385046","0.6829745596868885","0.8173142467620995","0.8237142857142857","0.8164236834275513","0.3968267898474421","0.744640434192673","0.9116138763197588"
"lemon-sweep-33","z95xpbwd","2025-01-15T18:19:57.000Z","882","finished","5.695461462247133","0.4","128","0.000023001134414145205","0.006139752654523884","0.697","0.6583990980834273","0.6043813278277715","0.5714285714285714","0.8282208588957055","0.7318571428571429","0.699728043513038","0.5963652751275471","0.5934871099050204","0.8856711915535445"
"lilac-sweep-32","z95xpbwd","2025-01-15T18:05:07.000Z","295","finished","7.532479281004301","0.2","32","0.00043291703117139256","0.00000107853382580808","0.7116666666666667","0.6687093067790119","0.5784735381603241","0.5694716242661448","0.8602590320381731","0.7335714285714285","0.6904564315352697","0.5359492972493172","0.5644504748982361","0.9215686274509804"
"peach-sweep-31","z95xpbwd","2025-01-15T18:00:06.000Z","332","finished","5.4740934317757315","0.2","32","0.000380832657527761","7.576703911538165e-8","0.7066666666666667","0.6656534954407295","0.5875889708598455","0.5714285714285714","0.8479890933878664","0.7407142857142858","0.7012345679012346","0.5310999708516257","0.5780189959294437","0.9215686274509804"
"super-sweep-30","z95xpbwd","2025-01-15T17:54:26.000Z","219","finished","3.0793955904718615","0.6","32","0.00001119086219266566","0.0013720095470055986","0.5083333333333333","0.6740331491712708","0.6941670626401901","0.994781474233529","0","0.5261428571428571","0.6895066928765328","0.692233926483563","0.9994572591587516","0"
"efficient-sweep-29","z95xpbwd","2025-01-15T17:50:40.000Z","367","finished","6.952969049568026","0.6","32","0.00043901783978590226","0.0000030903773199256013","0.7166666666666667","0.7160988643954576","0.584764743844668","0.6992824527071102","0.7348329925017042","0.7808571428571428","0.783638928067701","0.5109830094235284","0.7538670284938942","0.8108597285067873"
"wild-sweep-28","z95xpbwd","2025-01-15T17:44:27.000Z","492","finished","7.986114047051966","0.4","128","0.00024202211287130596","0.000010209330543036596","0.7533333333333333","0.746922024623803","0.5460977653662363","0.7123287671232876","0.7961826857532379","0.8282857142857143","0.8262503613761203","0.3885132744908333","0.7755766621438264","0.8868778280542986"
"balmy-sweep-27","z95xpbwd","2025-01-15T17:36:10.000Z","989","finished","4.307695709602028","0.8","256","0.000032160174670685377","7.651442429314297e-8","0.7303333333333333","0.6846003898635478","0.5359858771165212","0.5727332028701891","0.8950238582140423","0.7311428571428571","0.678949164107813","0.5344216472336224","0.5400271370420624","0.9435897435897436"
"fresh-sweep-26","z95xpbwd","2025-01-15T17:19:31.000Z","62","finished","7.863037584490133","0.4","256","0.0004152854381907643","0.00037589342561480233","0.511","0.6763732627399074","0.68986347814401","1","0","0.5264285714285715","0.6897519887693028","0.689491902078901","1","0"
"magic-sweep-25","z95xpbwd","2025-01-15T17:18:20.000Z","790","finished","4.90555660810297","0.5","32","0.0000100048317409271","4.912230312777812e-7","0.5106666666666667","0.6759381898454746","0.6860151241223017","0.9986953685583824","0.0006816632583503749","0.5248571428571429","0.6884017238148773","0.6861512256520135","0.9970149253731344","0"
"deft-sweep-24","z95xpbwd","2025-01-15T17:05:05.000Z","682","finished","5.143598715396199","0.5","32","0.0002931820214982607","0.0000027602201102596","0.743","0.7104769057453999","0.5402753725647926","0.6170906718851924","0.874573960463531","0.7772857142857142","0.7559104430875215","0.45138026986803326","0.6550881953867028","0.9131221719457012"
"fine-sweep-23","z95xpbwd","2025-01-15T16:53:37.000Z","461","finished","6.08164000017854","0.4","128","0.00023625542384881896","0.0033350173516879696","0.7723333333333333","0.7905550444648881","0.5702411606907845","0.8408349641226354","0.7007498295841854","0.8228571428571428","0.8383733055265902","0.430994203048093","0.8727272727272727","0.7674208144796381"
"skilled-sweep-22","z95xpbwd","2025-01-15T16:45:47.000Z","488","finished","9.165036563650396","0.5","64","0.00028435112815951936","0.0000010261268061582885","0.7626666666666667","0.7701743060038735","0.5061765983700752","0.7782126549249837","0.7464212678936605","0.824","0.8359083644112946","0.4213766849466733","0.8515603799185889","0.7933634992458521"
"denim-sweep-21","z95xpbwd","2025-01-15T16:37:33.000Z","316","finished","7.153454054707191","0.5","32","0.000480418322678256","0.00002419194843400776","0.7086666666666667","0.6946191474493362","0.5908085306485494","0.6484018264840182","0.7716428084526245","0.7678571428571429","0.7548649871775531","0.5331293983118874","0.6789687924016282","0.8666666666666667"
"glamorous-sweep-20","z95xpbwd","2025-01-15T16:32:12.000Z","344","finished","6.517708800111979","0.4","256","0.0006919451115758468","0.000002160287849398649","0.6566666666666666","0.5266544117647058","0.5894754379987717","0.37377690802348335","0.9522835719154736","0.69","0.6012495406100699","0.5548137107065746","0.44396200814111264","0.963499245852187"
"fallen-sweep-19","z95xpbwd","2025-01-15T16:26:20.000Z","858","finished","7.790170546021125","0.5","64","0.000015350070783577988","0.00002722684220203205","0.4796666666666667","0.605509224159717","0.6663215061028799","0.781474233529028","0.16428084526244036","0.473","0.6001084010840109","0.6728827229567936","0.7511533242876527","0.16380090497737557"
"twilight-sweep-18","z95xpbwd","2025-01-15T16:11:54.000Z","828","finished","6.278880299071233","0.4","32","0.00010394223364114503","4.537298096881895e-8","0.705","0.7025210084033613","0.5795259028673172","0.6816699282452707","0.7293796864349011","0.7495714285714286","0.75257586450247","0.5582800103085381","0.7234735413839891","0.7785822021116139"
"autumn-sweep-17","z95xpbwd","2025-01-15T15:57:58.000Z","827","finished","3.33296245519281","0.4","64","0.000023002450332281164","0.0000571729632560513","0.4866666666666667","0.60431654676259","0.6423282573620478","0.7671232876712328","0.19359236537150648","0.48757142857142854","0.6056074766355141","0.6493284319128309","0.7473541383989145","0.19879336349924584"
"dandy-sweep-16","z95xpbwd","2025-01-15T15:44:02.000Z","822","finished","5.667601199791975","0.8","64","0.00014570282756246102","0.000008998064856691706","0.7493333333333333","0.7071651090342679","0.5230099782347679","0.5923026744944553","0.9134287661895024","0.7615714285714286","0.724632898861574","0.4641049046601568","0.5959294436906377","0.9457013574660632"
"fearless-sweep-15","z95xpbwd","2025-01-15T15:30:14.000Z","507","finished","3.192701862664431","0.6","64","0.0003555463280777003","0.000004091269057057228","0.7483333333333333","0.7049628761234857","0.5381438334782919","0.588388780169602","0.9154737559645536","0.7722857142857142","0.732640053673264","0.45722250640392303","0.5926729986431479","0.971945701357466"
"wobbly-sweep-14","z95xpbwd","2025-01-15T15:21:38.000Z","524","finished","8.240720816392468","0.6","256","0.00016532687391407143","0.0000310898398766239","0.724","0.775974025974026","0.6548786262671152","0.9354207436399216","0.5030674846625767","0.7578571428571429","0.8098710039259674","0.5238867199846676","0.9796472184531886","0.5113122171945701"
"jolly-sweep-13","z95xpbwd","2025-01-15T15:12:48.000Z","876","finished","7.64359438158335","0.5","256","0.000058115122670085815","0.000020800879281958263","0.7823333333333333","0.7909061799551713","0.5021937713027","0.8056099151989563","0.7580095432856169","0.8375714285714285","0.8484606157536985","0.399255351296493","0.8637720488466757","0.808446455505279"
"generous-sweep-12","z95xpbwd","2025-01-15T14:58:04.000Z","873","finished","7.463755918071003","0.4","128","0.00001137552894765875","0.000936422509698724","0.671","0.6597724922440538","0.6390569160381953","0.62426614481409","0.7198364008179959","0.7014285714285714","0.6859975961538461","0.6449932690177645","0.6195386702849389","0.7924585218702865"
"eager-sweep-11","z95xpbwd","2025-01-15T14:43:21.000Z","795","finished","5.933513729104744","0.2","32","0.00004443567866903419","0.00008374423484419477","0.6846666666666666","0.6480654761904762","0.6201914896567663","0.5681669928245271","0.8064076346284935","0.7017142857142857","0.655786350148368","0.6249632430928094","0.5397557666214383","0.8817496229260935"
"wandering-sweep-10","z95xpbwd","2025-01-15T14:29:58.000Z","249","finished","5.570414025896832","0.6","128","0.0006202917987590117","0.006481580452656694","0.7203333333333334","0.7073596093477502","0.5650633076826731","0.6614481409001957","0.78186775732788","0.7821428571428571","0.7683427008962479","0.4724641293287277","0.6862957937584804","0.8886877828054298"
"bumbling-sweep-9","z95xpbwd","2025-01-15T14:25:41.000Z","797","finished","6.292772825720884","0.8","32","0.00002281855945098189","2.076562622611313e-7","0.49933333333333335","0.6633796503809951","0.677834024031957","0.9654272667971298","0.012269938650306749","0.5154285714285715","0.6786052681447793","0.6791908868721553","0.971777476255088","0.008144796380090498"
"eager-sweep-8","z95xpbwd","2025-01-15T14:12:19.000Z","796","finished","9.75734839020854","0.2","32","0.000025994670028230468","1.2947584188367482e-8","0.481","0.6234582829504233","0.6587712268034617","0.8408349641226354","0.10497614178595774","0.49342857142857144","0.6374974442854222","0.6623749498810086","0.8461329715061058","0.10135746606334842"
"eager-sweep-7","z95xpbwd","2025-01-15T13:58:58.000Z","323","finished","3.578551080430995","0.2","256","0.000719990459837429","0.0005669727222428756","0.505","0.6688963210702341","0.6468621442715327","0.9784735812133072","0.010224948875255624","0.5325714285714286","0.6882027825424052","0.6117992720433644","0.9799185888738128","0.03529411764705882"
"peachy-sweep-6","z95xpbwd","2025-01-15T13:53:26.000Z","852","finished","4.782110179346585","0.8","64","0.000027397190442136015","0.000002692171033063784","0.684","0.6812373907195696","0.6548186987638474","0.6607958251793868","0.7082481254260395","0.7048571428571428","0.6917338108027454","0.6625771692820958","0.6290366350067843","0.7891402714932126"
"wild-sweep-5","z95xpbwd","2025-01-15T13:39:06.000Z","551","finished","3.258544257142711","0.6","256","0.0001420229664490311","0.000002806496993093052","0.7713333333333333","0.7647462277091907","0.48774484544992447","0.7273320287018917","0.8173142467620995","0.8344285714285714","0.8321019846443575","0.370907652590956","0.7793758480325644","0.8956259426847663"
"lucky-sweep-4","z95xpbwd","2025-01-15T13:29:46.000Z","375","finished","7.685713565188541","0.2","128","0.000344095218899342","7.923172323052604e-7","0.718","0.6821938392186326","0.5658999979496002","0.5923026744944553","0.8493524199045671","0.7715714285714286","0.7408847836655323","0.46386431051152094","0.6203527815468114","0.9396681749622926"
"bumbling-sweep-3","z95xpbwd","2025-01-15T13:23:22.000Z","796","finished","9.420139558517477","0.6","32","0.00011002694714102256","4.3936807071920436e-8","0.7053333333333334","0.6913407821229051","0.5809982021649679","0.6457925636007827","0.7675528289025222","0.7524285714285714","0.7380196523053666","0.5773743263312748","0.662415196743555","0.8524886877828054"
"true-sweep-2","z95xpbwd","2025-01-15T13:09:59.000Z","352","finished","6.777460783224422","0.5","128","0.0008625884085867318","0.00007492725147825603","0.7093333333333334","0.7330067360685855","0.6453382025162379","0.7808219178082192","0.634628493524199","0.7787142857142857","0.7900799566336902","0.49707697864089695","0.7910447761194029","0.7650075414781297"
"serene-sweep-1","z95xpbwd","2025-01-15T13:04:02.000Z","318","finished","9.396147999393548","0.2","128","0.0003872107641897718","0.000011420752465223108","0.747","0.763182527301092","0.5788601289192835","0.7977821265492498","0.6939331970006817","0.8065714285714286","0.8201381509032943","0.4827888309955597","0.8377204884667572","0.7719457013574661"
"efficient-sweep-99","18ili8gf","2025-01-15T12:42:26.000Z","1013","finished","7.702121848288018","0.8","256","1.0035175803773557e-8","0.000005820951951109554","0.489","0","0.7854863802591959","0","1","0.4735714285714286","0","0.7985813745430538","0","1"
"whole-sweep-98","18ili8gf","2025-01-15T12:25:27.000Z","76","finished","7.023821354506877","0.4","64","0.0082121596336912","0.000006084777500742724","0.511","0.6763732627399074","0.6932662526766459","1","0","0.5264285714285715","0.6897519887693028","0.6916466291461673","1","0"
"likely-sweep-97","18ili8gf","2025-01-15T12:24:04.000Z","449","finished","9.481389346894275","0.2","128","0.00024043926326058223","0.000008977866476981972","0.744","0.7533718689788054","0.5690136154492696","0.7651663405088063","0.721881390593047","0.8161428571428572","0.8210262828535669","0.4162714523928506","0.8010854816824966","0.8328808446455506"
"splendid-sweep-96","18ili8gf","2025-01-15T12:16:28.000Z","65","finished","3.826985967168813","0.6","64","0.000006317631885087025","1.007824322540586e-7","0.511","0.6763732627399074","0.6979860663414001","1","0","0.5264285714285715","0.6897519887693028","0.6956441210848945","1","0"
"exalted-sweep-95","18ili8gf","2025-01-15T12:15:17.000Z","1008","finished","9.421966644519358","0.6","256","0.000006703245613457172","0.00010908367987967042","0.6953333333333334","0.6460108443067389","0.6284316579500834","0.5440313111545988","0.8534423994546694","0.6978571428571428","0.6375321336760925","0.6423055678606033","0.5047489823609227","0.9125188536953244"
"elated-sweep-93","18ili8gf","2025-01-13T18:44:08.000Z","58","finished","6.662368098203","0.8","32","0.030900286051269793","0.0006007385124428115","0.511","0.6763732627399074","0.6944854507843653","1","0","0.5264285714285715","0.6897519887693028","0.6922903614384788","1","0"
"dainty-sweep-92","18ili8gf","2025-01-13T18:43:01.000Z","68","finished","6.646897924960644","0.6","64","0.000005170440593080305","9.625235879761997e-8","0.511","0.6763732627399074","0.6967099656661352","1","0","0.5264285714285715","0.6897519887693028","0.6941654767308917","1","0"
"dazzling-sweep-91","18ili8gf","2025-01-13T18:41:48.000Z","978","finished","6.681920269943765","0.2","256","0.000035541491032689414","0.00007615868898330933","0.7363333333333333","0.7004922377887164","0.5136867339412371","0.6033920417482062","0.8752556237218814","0.7691428571428571","0.7343852728468113","0.4597684389778546","0.6062415196743555","0.9502262443438914"
"blooming-sweep-90","18ili8gf","2025-01-13T18:25:24.000Z","818","finished","6.424648876241293","0.4","64","1.1578207865307762e-7","6.50387115153525e-8","0.489","0","0.7023723423480988","0","1","0.4735714285714286","0","0.7059292708124433","0","1"
"fine-sweep-89","18ili8gf","2025-01-13T18:11:40.000Z","102","finished","9.639748136925936","0.6","64","0.0028189428504730653","0.00022281885011471824","0.511","0.6763732627399074","0.6931862632433573","1","0","0.5264285714285715","0.6897519887693028","0.6916173866816929","1","0"
"rosy-sweep-88","18ili8gf","2025-01-13T18:09:48.000Z","804","finished","4.413039063167924","0.8","32","0.00004786575764563863","0.0000018411904319549055","0.483","0.5970381917381138","0.6519211630026499","0.7495107632093934","0.20449897750511248","0.5052857142857143","0.6174748702087706","0.6566592114312308","0.7584803256445047","0.22383107088989443"
"gallant-sweep-87","18ili8gf","2025-01-13T17:56:17.000Z","45","finished","6.6838243529020565","0.4","128","0.0026489623886091474","0.0008103078060696317","0.511","0.6763732627399074","0.6930695424477259","1","0","0.5264285714285715","0.6897519887693028","0.6918862057583672","1","0"
"misunderstood-sweep-86","18ili8gf","2025-01-13T17:55:28.000Z","57","finished","9.841841822057098","0.8","256","0.00030586221675568415","0.0000010978658249446165","0.511","0.6763732627399074","0.6919616957505544","1","0","0.5264285714285715","0.6897519887693028","0.6908083323921476","1","0"
"prime-sweep-85","18ili8gf","2025-01-13T17:54:24.000Z","982","finished","8.15427868159003","0.2","256","0.000006326055053005205","0.000003921605123761771","0.698","0.6552511415525114","0.624580129981041","0.5616438356164384","0.8404907975460123","0.703","0.6530952778241281","0.6389547884464264","0.5310719131614654","0.8941176470588236"
"azure-sweep-84","18ili8gf","2025-01-13T17:37:53.000Z","861","finished","6.539704726763081","0.5","128","1.5967361504734756e-8","0.000007435728961815766","0.511","0.6763732627399074","1.17403847972552","1","0","0.5264285714285715","0.6897519887693028","1.1459236783640725","1","0"
"trim-sweep-83","18ili8gf","2025-01-13T17:23:25.000Z","111","finished","6.298000783970059","0.8","128","0.000003343975196494269","0.008807340821949478","0.5076666666666667","0.6734468273269953","0.699606234828631","0.9934768427919112","0","0.5255714285714286","0.6890158254518214","0.6942629175526756","0.998371777476255","0"
"fancy-sweep-82","18ili8gf","2025-01-13T17:21:25.000Z","136","finished","8.37550932917921","0.5","64","0.000001495332825802376","3.0131786305323573e-8","0.511","0.6763732627399074","0.6957466850678126","1","0","0.5262857142857142","0.6896293523025084","0.6933723049504417","0.9997286295793758","0"
"morning-sweep-81","18ili8gf","2025-01-13T17:19:03.000Z","429","finished","6.373405770260581","0.5","256","0.0007185865414993767","5.283335028424026e-7","0.712","0.6598425196850394","0.5681310792764028","0.5466405740378343","0.8847989093387867","0.7538571428571429","0.7205190592051905","0.5071242164288249","0.6027137042062415","0.9218702865761688"
"good-sweep-80","18ili8gf","2025-01-13T17:11:45.000Z","339","finished","6.14650437992011","0.6","128","0.0010068815843430063","3.5066954986685053e-8","0.7103333333333334","0.6879712746858169","0.5809428095817566","0.6249184605348989","0.7995910020449898","0.7374285714285714","0.7063897763578275","0.5140385521309716","0.6","0.8901960784313725"
"fallen-sweep-79","18ili8gf","2025-01-13T17:06:00.000Z","978","finished","7.140605449012789","0.5","256","0.00000895565446678168","0.003453745580691779","0.694","0.6382978723404256","0.6154898504416147","0.5283757338551859","0.8670756646216768","0.6855714285714286","0.61270455745205","0.6307543792894909","0.4724559023066486","0.922473604826546"
"unique-sweep-78","18ili8gf","2025-01-13T16:49:36.000Z","219","finished","5.433328828334088","0.8","64","0.001204002740497381","0.00002941114042620217","0.634","0.5098214285714285","0.6332082897424698","0.3724722765818656","0.907293796864349","0.6481428571428571","0.5307677652886265","0.5859508365392685","0.3780189959294437","0.94841628959276"
"mild-sweep-77","18ili8gf","2025-01-13T16:45:47.000Z","52","finished","7.375277789227167","0.4","256","0.0016899506761705529","0.000014044680469712283","0.511","0.6763732627399074","0.693401093284289","1","0","0.5264285714285715","0.6897519887693028","0.6916768167700086","1","0"
"twilight-sweep-76","18ili8gf","2025-01-13T16:44:47.000Z","376","finished","6.561549325467232","0.6","128","4.519872717282223e-7","1.761132560066822e-7","0.511","0.6763732627399074","0.7029382387797037","1","0","0.5264285714285715","0.6897519887693028","0.6976125176463809","1","0"
"stellar-sweep-74","18ili8gf","2025-01-13T16:15:14.000Z","834","finished","9.52615116259406","0.8","64","3.230329893785723e-8","0.000004546604353966195","0.489","0","1.9215508898099265","0","1","0.4735714285714286","0","1.9722701822008408","0","1"
"comfy-sweep-73","18ili8gf","2025-01-13T16:01:13.000Z","792","finished","6.407014890359055","0.6","32","3.3859593945891706e-7","0.000007073068069983039","0.511","0.6763732627399074","0.7770396967728933","1","0","0.5264285714285715","0.6897519887693028","0.763284227677754","1","0"
"divine-sweep-71","18ili8gf","2025-01-10T21:00:46.000Z","779","finished","5.41797319309818","0.2","64","0.0001646956909588657","0.0007850444773731759","0.7593333333333333","0.7443342776203966","0.48358334849278134","0.685583822570124","0.83640081799591","0.81","0.8011363636363636","0.4061119162610599","0.7270013568521031","0.902262443438914"
"magic-sweep-70","18ili8gf","2025-01-10T20:47:37.000Z","73","finished","4.806090321057885","0.4","64","0.015375476882538723","1.6525005741121305e-7","0.511","0.6763732627399074","0.6928710589806238","1","0","0.5264285714285715","0.6897519887693028","0.6920533158949443","1","0"
"true-sweep-69","18ili8gf","2025-01-10T20:46:19.000Z","819","finished","8.55469152926323","0.6","32","0.000048590223617533494","0.000042022064524922086","0.684","0.6647807637906648","0.6279263993104299","0.6131767775603392","0.7580095432856169","0.7178571428571429","0.6946977894574122","0.6329834525074277","0.6097693351424694","0.8380090497737557"
"elated-sweep-68","18ili8gf","2025-01-10T20:32:34.000Z","792","finished","8.617136394757326","0.8","32","0.000001070280745194397","1.9752519485319049e-7","0.5096666666666667","0.6752042393464341","0.6952686409155527","0.9973907371167644","0","0.5262857142857142","0.6896293523025084","0.6928432690245765","0.9997286295793758","0"
"valiant-sweep-67","18ili8gf","2025-01-10T20:19:18.000Z","979","finished","3.783915601203567","0.2","256","0.000028835667629930656","0.009822188531753453","0.7286666666666667","0.6807843137254902","0.5292098745703697","0.5662100456621004","0.8984321745057942","0.7374285714285714","0.6858119658119658","0.5093532225915364","0.5443690637720489","0.9520361990950226"
"fanciful-sweep-66","18ili8gf","2025-01-10T20:02:54.000Z","92","finished","9.206815727256728","0.5","64","0.013550775382266076","0.0015317514875308278","0.511","0.6763732627399074","0.6937551299730936","1","0","0.5264285714285715","0.6897519887693028","0.6923120809452874","1","0"
"playful-sweep-65","18ili8gf","2025-01-10T20:01:15.000Z","50","finished","8.881758661338862","0.4","256","0.0010232684720831089","0.00006898486926755924","0.511","0.6763732627399074","0.6932975848515829","1","0","0.5264285714285715","0.6897519887693028","0.691541503582682","1","0"
"efficient-sweep-63","18ili8gf","2025-01-09T18:05:41.000Z","570","finished","4.273054081097545","0.6","64","2.372883467560836e-7","2.242302015757887e-8","0.5096666666666667","0.6752042393464341","0.6940662711858749","0.9973907371167644","0","0.5254285714285715","0.688893051133171","0.693031655890601","0.998100407055631","0"
"wise-sweep-62","18ili8gf","2025-01-09T17:56:04.000Z","54","finished","3.5874099543358664","0.6","64","0.07813384356314215","3.2303449468790235e-8","0.489","0","0.6935759981473287","0","1","0.4735714285714286","0","0.6939876164708819","0","1"
"feasible-sweep-61","18ili8gf","2025-01-09T17:55:04.000Z","41","finished","4.491135705219481","0.8","128","0.003196260369670713","4.629915556093366e-7","0.511","0.6763732627399074","0.6933568169673284","1","0","0.5264285714285715","0.6897519887693028","0.6917310101645333","1","0"
"wobbly-sweep-60","18ili8gf","2025-01-09T17:54:18.000Z","345","finished","7.160359075913951","0.5","64","4.305913874399202e-7","0.00000217703481775895","0.511","0.6763732627399074","0.694763978322347","1","0","0.5262857142857142","0.6896293523025084","0.6928802664790835","0.9997286295793758","0"
"wise-sweep-59","18ili8gf","2025-01-09T17:48:25.000Z","49","finished","5.439050444598459","0.6","64","0.0071216702130431925","0.000022633742649506315","0.511","0.6763732627399074","0.6932992885510126","1","0","0.5264285714285715","0.6897519887693028","0.6916734150477818","1","0"
"clear-sweep-58","18ili8gf","2025-01-09T17:47:32.000Z","780","finished","6.243124199007054","0.5","32","0.000135664971166058","0.0000019350279352640976","0.7176666666666667","0.7214731996053929","0.575328399737676","0.715590345727332","0.7198364008179959","0.7625714285714286","0.7692307692307693","0.5590404719114304","0.751696065128901","0.7746606334841629"
"amber-sweep-57","18ili8gf","2025-01-09T17:34:26.000Z","86","finished","6.440180334630894","0.4","128","0.0333402103676354","0.000003160267915445163","0.489","0","0.6932076662778854","0","1","0.4735714285714286","0","0.6932789640767234","0","1"
"splendid-sweep-56","18ili8gf","2025-01-09T17:32:53.000Z","362","finished","6.230476611127036","0.6","128","4.0378551490286986e-7","0.0000032498263263332628","0.511","0.6763732627399074","0.7042055825392405","1","0","0.5264285714285715","0.6897519887693028","0.6986200021845954","1","0"
"apricot-sweep-55","18ili8gf","2025-01-09T17:26:45.000Z","778","finished","6.818890624622814","0.4","32","9.633598763957601e-8","1.598327854148898e-8","0.511","0.6763732627399074","2.563835640748342","1","0","0.5264285714285715","0.6897519887693028","2.4860201478004456","1","0"
"fancy-sweep-54","18ili8gf","2025-01-09T17:13:39.000Z","776","finished","6.185151907084588","0.6","32","0.000012009206511114534","1.407677023787661e-7","0.5106666666666667","0.6756517896597437","0.6844240774710973","0.9973907371167644","0.002044989775051125","0.5237142857142857","0.6873006940536485","0.6848940487418856","0.9943012211668928","0.0006033182503770739"
"swept-sweep-53","18ili8gf","2025-01-09T17:00:35.000Z","130","finished","8.49820153023007","0.6","32","0.0021980817733637317","0.00014051370152493175","0.511","0.6763732627399074","0.6925272991259893","1","0","0.5264285714285715","0.6897519887693028","0.6904387665646416","1","0"
"cool-sweep-52","18ili8gf","2025-01-09T16:58:17.000Z","192","finished","8.23816430098662","0.4","64","0.0017037958193538553","0.0004941454047172815","0.511","0.6763732627399074","0.6933997372786204","1","0","0.5264285714285715","0.6897519887693028","0.691663750580379","1","0"
"misunderstood-sweep-51","18ili8gf","2025-01-09T16:54:59.000Z","271","finished","4.176257105470443","0.6","128","0.0005778808799428515","0.008812499636120338","0.7313333333333333","0.7058394160583942","0.5590850760539373","0.6307893020221788","0.83640081799591","0.7868571428571428","0.7649653434152489","0.4481544207249369","0.658887381275441","0.9291101055806938"
"peachy-sweep-50","18ili8gf","2025-01-09T16:50:23.000Z","636","finished","6.105221338645599","0.8","64","0.00020864021464235904","0.00005041973769700819","0.767","0.762970498474059","0.48023703942696255","0.7338551859099804","0.8016359918200409","0.8215714285714286","0.8206232945569438","0.3956621821437563","0.7753052917232022","0.873001508295626"
"hardy-sweep-49","18ili8gf","2025-01-09T16:39:39.000Z","64","finished","9.651840183166566","0.8","64","0.015627327042032027","0.009144404325560216","0.511","0.6763732627399074","0.6930368443330129","1","0","0.5264285714285715","0.6897519887693028","0.6915549699749265","1","0"
"glorious-sweep-48","18ili8gf","2025-01-09T16:38:29.000Z","849","finished","3.716340827672319","0.5","128","0.000046618136737004335","0.0008085773378187271","0.7506666666666667","0.7514950166112957","0.5551282117764155","0.7377690802348337","0.7641445126107703","0.789","0.7898107300412693","0.500099030988557","0.7530529172320217","0.8289592760180996"
"lilac-sweep-47","18ili8gf","2025-01-09T16:24:13.000Z","106","finished","9.956747967183675","0.6","128","0.0048187266839648975","0.000025932635214291464","0.511","0.6763732627399074","0.6934670060873032","1","0","0.5264285714285715","0.6897519887693028","0.691558124763625","1","0"
"ethereal-sweep-46","18ili8gf","2025-01-09T16:22:22.000Z","854","finished","7.87829770914685","0.8","128","9.042550203516188e-8","0.005468408255253028","0.511","0.6763732627399074","0.7425791074832281","1","0","0.5264285714285715","0.6897519887693028","0.7324813114745277","1","0"
"worldly-sweep-45","18ili8gf","2025-01-09T16:08:02.000Z","794","finished","5.209831691574236","0.2","32","8.266454788681197e-8","0.0001624205222149508","0.511","0.6763732627399074","2.7141236066818237","1","0","0.5264285714285715","0.6897519887693028","2.631618653024946","1","0"
"upbeat-sweep-44","18ili8gf","2025-01-09T15:54:39.000Z","67","finished","4.868478323337159","0.6","256","0.012912504077029327","0.000005668845493044028","0.489","0","0.6938031713167826","0","1","0.4735714285714286","0","0.6943186521530151","0","1"
"celestial-sweep-43","18ili8gf","2025-01-09T15:53:22.000Z","848","finished","7.413049404628108","0.5","64","0.00006710682725693967","2.9743166237228617e-8","0.717","0.7576363117328004","0.5833074748516083","0.8656229615133725","0.5616905248807089","0.7701428571428571","0.8045669865176728","0.5415587063346591","0.8987788331071913","0.6271493212669683"
"deep-sweep-42","18ili8gf","2025-01-09T15:39:06.000Z","44","finished","8.195114911449","0.4","64","0.003920291903816638","0.00010200141575149795","0.511","0.6763732627399074","0.6930067638556162","1","0","0.5264285714285715","0.6897519887693028","0.6916691980191639","1","0"
"winter-sweep-41","18ili8gf","2025-01-09T15:38:16.000Z","97","finished","5.171122323118352","0.5","256","2.812462895385875e-7","7.404480112819279e-8","0.511","0.6763732627399074","0.6995082795619965","1","0","0.5264285714285715","0.6897519887693028","0.6960759801524026","1","0"
"devoted-sweep-40","18ili8gf","2025-01-09T15:36:31.000Z","991","finished","6.700936457919931","0.8","256","0.000021617354288049903","1.3839131579378705e-8","0.7076666666666667","0.6802770689026614","0.5887250999609629","0.6086105675146771","0.8111792774369462","0.7331428571428571","0.7058267716535434","0.5953403264284134","0.6081411126187246","0.8720965309200603"
"lucky-sweep-39","18ili8gf","2025-01-09T15:19:50.000Z","664","finished","7.053910504839056","0.4","64","0.0002000728824490335","0.00020713494287637212","0.761","0.7591535102452133","0.4731613074739774","0.7371167645140247","0.7859577368779823","0.8257142857142857","0.8277809147374364","0.3931020104459354","0.7956580732700136","0.8591251885369532"
"quiet-sweep-38","18ili8gf","2025-01-09T15:08:40.000Z","414","finished","3.4368875193959787","0.5","128","0.00030407538305017405","0.00003488657170536747","0.739","0.7188509874326751","0.5396125540137291","0.6529680365296804","0.8289025221540559","0.8162857142857143","0.8047373215912542","0.39235773043973105","0.7191316146540027","0.9242835595776772"
"swift-sweep-37","18ili8gf","2025-01-09T15:01:38.000Z","542","finished","8.689641754083738","0.2","64","2.183213798628129e-7","0.0000011562523572126846","0.508","0.6737400530503979","0.6939086218674978","0.99412915851272","0","0.5248571428571429","0.6884017238148773","0.693022466131619","0.9970149253731344","0"
"dazzling-sweep-36","18ili8gf","2025-01-09T14:52:27.000Z","766","finished","6.5288582469699","0.2","32","5.1958566821023745e-8","7.6404320867693e-7","0.511","0.6763732627399074","3.117363969484965","1","0","0.5264285714285715","0.6897519887693028","3.022313509668623","1","0"
"fragrant-sweep-35","18ili8gf","2025-01-09T14:39:33.000Z","796","finished","7.584828594672682","0.8","64","0.00014205456790522325","0.00832198631994909","0.7513333333333333","0.713957055214724","0.5121948098142942","0.6073059360730594","0.901840490797546","0.7698571428571429","0.7363770250368189","0.4548348848308836","0.6105834464043419","0.9469079939668176"
"dauntless-sweep-34","18ili8gf","2025-01-09T14:26:09.000Z","833","finished","9.353284971406216","0.5","128","0.000037056828176887046","3.281924036584434e-7","0.7106666666666667","0.676602086438152","0.572936569650968","0.5923026744944553","0.8343558282208589","0.7541428571428571","0.723888978020215","0.5493671212877546","0.6122116689280869","0.9119155354449472"
"swift-sweep-33","18ili8gf","2025-01-09T14:12:10.000Z","762","finished","4.8729172870234505","0.2","32","0.0001363615886751317","0.0001083262261994453","0.724","0.7423771001866832","0.5921543290217718","0.7782126549249837","0.667348329925017","0.7792857142857142","0.7994287939763728","0.529977770788329","0.835549525101764","0.7167420814479638"
"earnest-sweep-32","18ili8gf","2025-01-09T13:59:21.000Z","777","finished","7.853874657960819","0.2","32","0.0000019383378002203997","0.0000034603700597811726","0.5086666666666667","0.6743261157755193","0.6945101817448934","0.9954337899543378","0","0.526","0.6893840104849279","0.6924173704215458","0.9991858887381276","0"
"sage-sweep-30","18ili8gf","2025-01-08T17:14:11.000Z","87","finished","5.063461783581256","0.8","256","0.005273887810845993","6.551853754981384e-7","0.511","0.6763732627399074","0.6944406082232794","1","0","0.5264285714285715","0.6897519887693028","0.6925237668412072","1","0"
"effortless-sweep-29","18ili8gf","2025-01-08T17:12:37.000Z","751","finished","6.898477946096996","0.8","256","0.0000757863277309121","0.000007950127190266071","0.7483333333333333","0.7171225177969277","0.5065277467171351","0.62426614481409","0.8779822767552828","0.8012857142857143","0.7810483236266331","0.4192585189427648","0.673270013568521","0.9435897435897436"
"frosty-sweep-28","18ili8gf","2025-01-08T16:59:57.000Z","790","finished","9.841303032703191","0.6","32","0.00001896203277068987","0.0009173839961653062","0.497","0.6571233810497614","0.6762621055046717","0.943248532289628","0.03067484662576687","0.5087142857142857","0.671066475370636","0.678638260279383","0.9519674355495252","0.015987933634992457"
"lyric-sweep-27","18ili8gf","2025-01-08T16:46:40.000Z","802","finished","5.663006065717692","0.2","32","0.000024636959373728977","0.0001716018510790741","0.477","0.6256263421617753","0.6619704167048136","0.8551859099804305","0.081799591002045","0.4937142857142857","0.6420925065643305","0.6654564227376666","0.8626865671641791","0.08355957767722473"
"efficient-sweep-26","18ili8gf","2025-01-08T16:33:10.000Z","43","finished","7.127344131625267","0.6","128","0.0028502560332617595","0.00000837143255101952","0.511","0.6763732627399074","0.6930827995141348","1","0","0.5264285714285715","0.6897519887693028","0.6918746360710689","1","0"
"swept-sweep-25","18ili8gf","2025-01-08T16:32:20.000Z","342","finished","4.329899167060007","0.6","256","4.368473516595143e-8","0.000023296251512085463","0.511","0.6763732627399074","0.6957372476657232","1","0","0.5264285714285715","0.6897519887693028","0.6930809574467796","1","0"
"comfy-sweep-24","18ili8gf","2025-01-08T16:26:30.000Z","197","finished","9.859702028755414","0.8","64","0.0000011125997696147046","0.0007557783917377703","0.511","0.6763732627399074","0.697554791967074","1","0","0.5264285714285715","0.6897519887693028","0.6944824606180191","1","0"
"true-sweep-23","18ili8gf","2025-01-08T16:23:04.000Z","985","finished","5.447793815128108","0.5","256","0.0000024375147888212055","3.3724321396943255e-8","0.471","0.6167592368992997","0.6684815237919489","0.8330071754729289","0.092706203135651","0.4827142857142857","0.6285010772545399","0.6757272269044604","0.8312075983717775","0.09532428355957769"
"feasible-sweep-22","18ili8gf","2025-01-08T16:06:33.000Z","210","finished","7.675383713495839","0.8","256","1.0873713037241753e-7","0.009286536525281242","0.511","0.6763732627399074","0.6997092167536417","1","0","0.5264285714285715","0.6897519887693028","0.6961772441864014","1","0"
"peachy-sweep-21","18ili8gf","2025-01-08T16:02:55.000Z","827","finished","6.3270017447086015","0.5","64","0.0000660333542566686","0.00006351268467395307","0.711","0.7551539113244846","0.57985058426857","0.8721461187214612","0.5426039536468984","0.7717142857142857","0.8064906757084039","0.5434556816305433","0.903663500678426","0.6250377073906486"
"solar-sweep-20","18ili8gf","2025-01-08T15:48:59.000Z","760","finished","6.712716350348067","0.6","64","0.00014311556403349304","9.289363878338784e-7","0.763","0.7874439461883408","0.5344768141706785","0.8590998043052838","0.6625766871165644","0.8128571428571428","0.8350956696878147","0.4628966865794999","0.9001356852103121","0.7158371040723982"
"gentle-sweep-19","18ili8gf","2025-01-08T15:36:13.000Z","1875","finished","9.855309903255929","0.5","64","2.9603772115349726e-8","0.0001858833337754108","0.489","0","1.8652829825878143","0","1","0.4735714285714286","0","1.9144167389188491","0","1"
"fearless-sweep-18","18ili8gf","2025-01-08T15:04:53.000Z","964","finished","4.334069092499229","0.4","256","0.00005552255136950204","0.001392372507118541","0.773","0.7599577017976736","0.4732232044140498","0.7031963470319634","0.8459441036128152","0.8331428571428572","0.8254632396891811","0.37001113487141474","0.7495251017639077","0.9260935143288084"
"northern-sweep-17","18ili8gf","2025-01-08T14:48:41.000Z","228","finished","9.524799346905652","0.6","32","0.00178086283145907","0.000017829960878384768","0.742","0.7397444519166106","0.6061241775751114","0.7175472928897586","0.7675528289025222","0.8244285714285714","0.827605554776266","0.4367053359746933","0.8005427408412483","0.8509803921568627"
"skilled-sweep-16","18ili8gf","2025-01-08T14:44:46.000Z","759","finished","5.5986068234314015","0.4","32","7.89744677191826e-7","0.000003480307480099194","0.511","0.6763732627399074","0.696913500626882","1","0","0.5261428571428571","0.6895066928765328","0.6934741671596255","0.9994572591587516","0"
"solar-sweep-15","18ili8gf","2025-01-08T14:32:01.000Z","307","finished","3.4874743023806056","0.5","64","4.850891639545095e-7","0.00026122805970173966","0.511","0.6763732627399074","0.6947901447614034","1","0","0.5262857142857142","0.6896293523025084","0.693055985229356","0.9997286295793758","0"
"genial-sweep-14","18ili8gf","2025-01-08T14:26:46.000Z","44","finished","8.365070714688155","0.8","32","0.00873103583876318","0.0006253645396341301","0.511","0.6763732627399074","0.6933865745862325","1","0","0.5264285714285715","0.6897519887693028","0.6917526423931122","1","0"
"legendary-sweep-13","18ili8gf","2025-01-08T14:25:53.000Z","83","finished","3.9337334690053902","0.4","256","0.005555046710722441","1.885647911445091e-7","0.511","0.6763732627399074","0.6929747511943182","1","0","0.5264285714285715","0.6897519887693028","0.6916394254990986","1","0"
"electric-sweep-12","18ili8gf","2025-01-08T14:24:24.000Z","107","finished","3.990054636437203","0.5","128","0.0000036958214956398034","3.0868707962420016e-7","0.509","0.6746189529489728","0.6978728423515955","0.9960861056751468","0","0.5257142857142857","0.6891385767790262","0.6938242571694511","0.9986431478968792","0"
"curious-sweep-11","18ili8gf","2025-01-08T14:22:28.000Z","42","finished","6.997493924874558","0.8","128","0.0018407989208559063","0.00000200664526537274","0.511","0.6763732627399074","0.6933318376541138","1","0","0.5264285714285715","0.6897519887693028","0.6916812998907906","1","0"
"glamorous-sweep-10","18ili8gf","2025-01-08T14:21:19.000Z","41","finished","6.763066638346833","0.5","128","0.07635180251825581","0.0000318605477242148","0.511","0.6763732627399074","0.6930436342954636","1","0","0.5264285714285715","0.6897519887693028","0.6917798199823925","1","0"
"bright-sweep-8","18ili8gf","2025-01-07T15:04:34.000Z","93","finished","8.397535235011716","0.8","256","0.02316368851833864","0.00019452458113446876","0.511","0.6763732627399074","0.6971573134263357","1","0","0.5264285714285715","0.6897519887693028","0.6938695652144296","1","0"
"fanciful-sweep-7","18ili8gf","2025-01-07T15:02:57.000Z","57","finished","6.757369911064835","0.5","64","0.000009369618126971864","2.8139546281846127e-8","0.511","0.6763732627399074","0.6945600161949793","1","0","0.5262857142857142","0.6896293523025084","0.6932189123971122","0.9997286295793758","0"
"smooth-sweep-6","18ili8gf","2025-01-07T15:01:50.000Z","559","finished","9.708797903084822","0.6","32","0.0000042686992354119165","0.00005821304173942531","0.5096666666666667","0.6752042393464341","0.6936965584754944","0.9973907371167644","0","0.5262857142857142","0.6896293523025084","0.6920549316065652","0.9997286295793758","0"
"eager-sweep-5","18ili8gf","2025-01-07T14:52:22.000Z","376","finished","5.631030681138511","0.8","64","0.0005189069510566058","9.672886092461038e-7","0.761","0.7632882139319908","0.5311192274093628","0.7540769732550554","0.7682344921608726","0.8232857142857143","0.8291200442050007","0.41691803612879347","0.81438263229308","0.8331825037707391"
"youthful-sweep-4","18ili8gf","2025-01-07T14:45:59.000Z","65","finished","3.623533849403941","0.5","256","0.00031641147899254073","0.000021643776968852333","0.6433333333333333","0.5167118337850045","0.6897156139214834","0.3731245923026745","0.9256987048398092","0.6125714285714285","0.4562951082598235","0.691206944840295","0.30881953867028494","0.9502262443438914"
"hardy-sweep-3","18ili8gf","2025-01-07T14:44:46.000Z","69","finished","5.550470644016578","0.6","256","0.000268245414669806","0.0004978774990112386","0.5106666666666667","0.676081200353045","0.6892882684866587","0.9993476842791912","0","0.5257142857142857","0.6891385767790262","0.6894107758998871","0.9986431478968792","0"
"worthy-sweep-2","18ili8gf","2025-01-07T14:43:28.000Z","58","finished","8.143102449765705","0.8","256","0.0013831770821466946","0.000005569223286015683","0.511","0.6763732627399074","0.6933229317267736","1","0","0.5264285714285715","0.6897519887693028","0.6918086516005653","1","0"
"fearless-sweep-1","18ili8gf","2025-01-07T14:42:21.000Z","990","finished","4.581379417428377","0.4","256","0.000002646687770585234","1.1984095484362545e-7","0.4663333333333333","0.6113134255887351","0.6648076077302297","0.8212654924983692","0.09543285616905248","0.48542857142857143","0.6284299566742315","0.6726705304213932","0.8265943012211668","0.106184012066365"